X1,X2,X3,geometry,long,lat
-0.4993870254728136,0.8763928024654528,0.0977791582532487,"Ngon(Point(41.0, 35.0), Point(42.0, 35.0), Point(42.0, 36.0), Point(41.0, 36.0))",41.0,35.0
0.5893300978088787,0.6197124199882472,-0.3009504043483529,"Ngon(Point(42.0, 1.0), Point(43.0, 1.0), Point(43.0, 2.0), Point(42.0, 2.0))",42.0,1.0
-0.8487627288395072,0.3098960088302947,-0.890366647602384,"Ngon(Point(11.0, 1.0), Point(12.0, 1.0), Point(12.0, 2.0), Point(11.0, 2.0))",11.0,1.0
-1.5323001469968964,1.7912420781404517,0.1883579989679445,"Ngon(Point(8.0, 46.0), Point(9.0, 46.0), Point(9.0, 47.0), Point(8.0, 47.0))",8.0,46.0
0.2605026567306306,-0.6929172982784622,-0.2816698800219398,"Ngon(Point(1.0, 23.0), Point(2.0, 23.0), Point(2.0, 24.0), Point(1.0, 24.0))",1.0,23.0
1.6099370792436662,0.8986209284593466,-0.4165851140921988,"Ngon(Point(2.0, 29.0), Point(3.0, 29.0), Point(3.0, 30.0), Point(2.0, 30.0))",2.0,29.0
-0.1478933768321364,1.0298311061309744,-1.4649511490799123,"Ngon(Point(22.0, 6.0), Point(23.0, 6.0), Point(23.0, 7.0), Point(22.0, 7.0))",22.0,6.0
-0.2781146415030013,-1.4196432667135817,1.9294215789320863,"Ngon(Point(30.0, 46.0), Point(31.0, 46.0), Point(31.0, 47.0), Point(30.0, 47.0))",30.0,46.0
1.4037788463755037,-1.1591697009211828,-1.3001604230271468,"Ngon(Point(21.0, 16.0), Point(22.0, 16.0), Point(22.0, 17.0), Point(21.0, 17.0))",21.0,16.0
-0.9158685440090192,2.3747527342565653,1.1626783889252663,"Ngon(Point(45.0, 25.0), Point(46.0, 25.0), Point(46.0, 26.0), Point(45.0, 26.0))",45.0,25.0
-1.0773585258938192,0.780795853584416,0.0942177558158312,"Ngon(Point(37.0, 5.0), Point(38.0, 5.0), Point(38.0, 6.0), Point(37.0, 6.0))",37.0,5.0
-0.7292168491996948,0.6614610373049825,1.9070025130710329,"Ngon(Point(25.0, 42.0), Point(26.0, 42.0), Point(26.0, 43.0), Point(25.0, 43.0))",25.0,42.0
-0.0332144922863497,-0.1679798397381884,-1.2094875491699544,"Ngon(Point(50.0, 40.0), Point(51.0, 40.0), Point(51.0, 41.0), Point(50.0, 41.0))",50.0,40.0
-1.300588660526005,0.4357200979007287,-1.009426689089328,"Ngon(Point(59.0, 57.0), Point(60.0, 57.0), Point(60.0, 58.0), Point(59.0, 58.0))",59.0,57.0
1.8657083811367063,2.5684841720544003,-0.3101005768923786,"Ngon(Point(3.0, 32.0), Point(4.0, 32.0), Point(4.0, 33.0), Point(3.0, 33.0))",3.0,32.0
0.5467295549130414,-0.9580312515899042,-0.414558580133069,"Ngon(Point(49.0, 12.0), Point(50.0, 12.0), Point(50.0, 13.0), Point(49.0, 13.0))",49.0,12.0
-0.099896892016679,0.6167778261102478,0.6646035850233737,"Ngon(Point(45.0, 29.0), Point(46.0, 29.0), Point(46.0, 30.0), Point(45.0, 30.0))",45.0,29.0
-1.2976480051389403,-1.1844537366920735,-0.4207469696390709,"Ngon(Point(59.0, 46.0), Point(60.0, 46.0), Point(60.0, 47.0), Point(59.0, 47.0))",59.0,46.0
0.0925708849177147,-0.2263872327286379,-1.774454092231634,"Ngon(Point(19.0, 11.0), Point(20.0, 11.0), Point(20.0, 12.0), Point(19.0, 12.0))",19.0,11.0
0.7235731156359075,-0.0046482242858143,-0.7610670728724361,"Ngon(Point(58.0, 2.0), Point(59.0, 2.0), Point(59.0, 3.0), Point(58.0, 3.0))",58.0,2.0
-2.5695348684999044,-0.3314580320898234,-1.8484540730377432,"Ngon(Point(15.0, 11.0), Point(16.0, 11.0), Point(16.0, 12.0), Point(15.0, 12.0))",15.0,11.0
-0.004741394383888,-1.61561072997661,0.9614978232941312,"Ngon(Point(42.0, 27.0), Point(43.0, 27.0), Point(43.0, 28.0), Point(42.0, 28.0))",42.0,27.0
-1.1784454789438374,0.8341178206988252,-0.2175642425710995,"Ngon(Point(31.0, 4.0), Point(32.0, 4.0), Point(32.0, 5.0), Point(31.0, 5.0))",31.0,4.0
-0.4975800077070583,-1.2503048701156574,-1.0933454835323335,"Ngon(Point(55.0, 53.0), Point(56.0, 53.0), Point(56.0, 54.0), Point(55.0, 54.0))",55.0,53.0
-0.2799419181958732,0.5718800794203851,-0.0119401461861936,"Ngon(Point(59.0, 24.0), Point(60.0, 24.0), Point(60.0, 25.0), Point(59.0, 25.0))",59.0,24.0
1.338512584691222,-0.6113959356509296,0.6165949885832772,"Ngon(Point(51.0, 24.0), Point(52.0, 24.0), Point(52.0, 25.0), Point(51.0, 25.0))",51.0,24.0
-0.7582452105851445,0.231631446017317,1.039957639447993,"Ngon(Point(37.0, 42.0), Point(38.0, 42.0), Point(38.0, 43.0), Point(37.0, 43.0))",37.0,42.0
-0.2945452391063912,0.556991587717589,2.1001773258881773,"Ngon(Point(25.0, 45.0), Point(26.0, 45.0), Point(26.0, 46.0), Point(25.0, 46.0))",25.0,45.0
0.4586210662510175,0.162297047249375,-0.4411730987355342,"Ngon(Point(24.0, 59.0), Point(25.0, 59.0), Point(25.0, 60.0), Point(24.0, 60.0))",24.0,59.0
0.6656054407722362,-0.4441611542448442,-1.0272670949043032,"Ngon(Point(8.0, 14.0), Point(9.0, 14.0), Point(9.0, 15.0), Point(8.0, 15.0))",8.0,14.0
-1.4017529964062636,0.4204531153063319,0.4472456929526038,"Ngon(Point(44.0, 11.0), Point(45.0, 11.0), Point(45.0, 12.0), Point(44.0, 12.0))",44.0,11.0
1.8358949967311544,0.4743544737392388,0.4200717864973545,"Ngon(Point(49.0, 26.0), Point(50.0, 26.0), Point(50.0, 27.0), Point(49.0, 27.0))",49.0,26.0
-0.283064121822452,-0.0037952634831136,1.0151877666809197,"Ngon(Point(33.0, 40.0), Point(34.0, 40.0), Point(34.0, 41.0), Point(33.0, 41.0))",33.0,40.0
1.3124463480834132,-0.3499154331609826,1.3932686788255984,"Ngon(Point(36.0, 50.0), Point(37.0, 50.0), Point(37.0, 51.0), Point(36.0, 51.0))",36.0,50.0
-0.3386841157105842,1.9241503009893648,0.3622783012536173,"Ngon(Point(9.0, 46.0), Point(10.0, 46.0), Point(10.0, 47.0), Point(9.0, 47.0))",9.0,46.0
0.2711291951375912,1.192828195135802,-0.1571342542213181,"Ngon(Point(29.0, 15.0), Point(30.0, 15.0), Point(30.0, 16.0), Point(29.0, 16.0))",29.0,15.0
0.0703026053900781,0.4488865495516867,-0.4486018286156957,"Ngon(Point(2.0, 48.0), Point(3.0, 48.0), Point(3.0, 49.0), Point(2.0, 49.0))",2.0,48.0
-0.1211738737627491,-1.455115472919815,1.6061598121567833,"Ngon(Point(15.0, 42.0), Point(16.0, 42.0), Point(16.0, 43.0), Point(15.0, 43.0))",15.0,42.0
-0.4534084540574244,-0.2591535669724129,-1.3999772873792675,"Ngon(Point(57.0, 59.0), Point(58.0, 59.0), Point(58.0, 60.0), Point(57.0, 60.0))",57.0,59.0
-1.47100064442529,0.2778593328079857,-0.756255383378424,"Ngon(Point(52.0, 48.0), Point(53.0, 48.0), Point(53.0, 49.0), Point(52.0, 49.0))",52.0,48.0
-0.0145167781402697,-0.3977621368942847,0.8678489750134659,"Ngon(Point(7.0, 35.0), Point(8.0, 35.0), Point(8.0, 36.0), Point(7.0, 36.0))",7.0,35.0
0.8266635515660541,-0.0878537432236539,-0.4271342696501084,"Ngon(Point(4.0, 26.0), Point(5.0, 26.0), Point(5.0, 27.0), Point(4.0, 27.0))",4.0,26.0
0.896004750017566,-1.720549265195372,-0.1884573749533678,"Ngon(Point(9.0, 27.0), Point(10.0, 27.0), Point(10.0, 28.0), Point(9.0, 28.0))",9.0,27.0
-0.4522110781157207,0.3988182498348272,0.5658862634126799,"Ngon(Point(17.0, 30.0), Point(18.0, 30.0), Point(18.0, 31.0), Point(17.0, 31.0))",17.0,30.0
-1.7675741815274375,0.3340629685957034,2.001597317246289,"Ngon(Point(29.0, 42.0), Point(30.0, 42.0), Point(30.0, 43.0), Point(29.0, 43.0))",29.0,42.0
-0.108827706344555,-0.2608870046594676,1.668624730635168,"Ngon(Point(23.0, 35.0), Point(24.0, 35.0), Point(24.0, 36.0), Point(23.0, 36.0))",23.0,35.0
1.4977469109289652,0.4688883104745051,-0.5980198606683607,"Ngon(Point(29.0, 11.0), Point(30.0, 11.0), Point(30.0, 12.0), Point(29.0, 12.0))",29.0,11.0
1.698908417425154,0.1270806003094867,1.3960457649542857,"Ngon(Point(26.0, 33.0), Point(27.0, 33.0), Point(27.0, 34.0), Point(26.0, 34.0))",26.0,33.0
0.1397167792635208,0.8442807636957236,1.486671210648627,"Ngon(Point(34.0, 20.0), Point(35.0, 20.0), Point(35.0, 21.0), Point(34.0, 21.0))",34.0,20.0
-0.3091736400066687,-1.517640111552037,-0.998109312458943,"Ngon(Point(55.0, 2.0), Point(56.0, 2.0), Point(56.0, 3.0), Point(55.0, 3.0))",55.0,2.0
-0.3240657936470014,0.1078866453311809,-0.3925855425387204,"Ngon(Point(46.0, 46.0), Point(47.0, 46.0), Point(47.0, 47.0), Point(46.0, 47.0))",46.0,46.0
0.6352916298513369,1.5406833099852286,-0.461729924280673,"Ngon(Point(0.0, 31.0), Point(1.0, 31.0), Point(1.0, 32.0), Point(0.0, 32.0))",0.0,31.0
-0.5675367309242053,0.2027360888571392,-0.7594868377423843,"Ngon(Point(56.0, 13.0), Point(57.0, 13.0), Point(57.0, 14.0), Point(56.0, 14.0))",56.0,13.0
0.9040261435311884,-1.567878700158613,1.332710245615376,"Ngon(Point(34.0, 30.0), Point(35.0, 30.0), Point(35.0, 31.0), Point(34.0, 31.0))",34.0,30.0
0.1437775252542483,0.1478527049737055,-0.627209821383682,"Ngon(Point(55.0, 14.0), Point(56.0, 14.0), Point(56.0, 15.0), Point(55.0, 15.0))",55.0,14.0
-1.451898076347734,0.4785460036452322,0.1135830906332491,"Ngon(Point(58.0, 24.0), Point(59.0, 24.0), Point(59.0, 25.0), Point(58.0, 25.0))",58.0,24.0
0.9593341315306224,-0.9220858524473156,-0.727598195188845,"Ngon(Point(23.0, 19.0), Point(24.0, 19.0), Point(24.0, 20.0), Point(23.0, 20.0))",23.0,19.0
-0.410945456821071,-1.6893845556428566,-0.5104116350818603,"Ngon(Point(7.0, 18.0), Point(8.0, 18.0), Point(8.0, 19.0), Point(7.0, 19.0))",7.0,18.0
0.5023694121730712,-1.2990489010846544,-0.3979513178150747,"Ngon(Point(26.0, 17.0), Point(27.0, 17.0), Point(27.0, 18.0), Point(26.0, 18.0))",26.0,17.0
0.0193218752273035,-0.3496536786296492,-0.7776796157661109,"Ngon(Point(14.0, 22.0), Point(15.0, 22.0), Point(15.0, 23.0), Point(14.0, 23.0))",14.0,22.0
0.2599222870670372,-0.6457192172249955,-0.151109470688643,"Ngon(Point(39.0, 58.0), Point(40.0, 58.0), Point(40.0, 59.0), Point(39.0, 59.0))",39.0,58.0
0.4662012335711483,-0.2666770852802502,-0.5454776078846348,"Ngon(Point(17.0, 58.0), Point(18.0, 58.0), Point(18.0, 59.0), Point(17.0, 59.0))",17.0,58.0
0.811931555897123,0.7846797471411621,1.350700226162886,"Ngon(Point(30.0, 38.0), Point(31.0, 38.0), Point(31.0, 39.0), Point(30.0, 39.0))",30.0,38.0
1.5548181462466768,-2.253954536364956,1.4012934181531649,"Ngon(Point(33.0, 30.0), Point(34.0, 30.0), Point(34.0, 31.0), Point(33.0, 31.0))",33.0,30.0
1.132983675988962,0.6639780677002249,0.3913928848414038,"Ngon(Point(42.0, 32.0), Point(43.0, 32.0), Point(43.0, 33.0), Point(42.0, 33.0))",42.0,32.0
-0.0396071929920799,-2.0697996824118845,0.1758205332758366,"Ngon(Point(6.0, 42.0), Point(7.0, 42.0), Point(7.0, 43.0), Point(6.0, 43.0))",6.0,42.0
1.8652526582224125,0.5553273557545582,-0.0156342915393116,"Ngon(Point(59.0, 38.0), Point(60.0, 38.0), Point(60.0, 39.0), Point(59.0, 39.0))",59.0,38.0
0.2734353879770698,0.3921878184548039,0.4870511368428148,"Ngon(Point(22.0, 27.0), Point(23.0, 27.0), Point(23.0, 28.0), Point(22.0, 28.0))",22.0,27.0
1.0621197527201962,0.1866238941301305,0.7236574076263961,"Ngon(Point(35.0, 53.0), Point(36.0, 53.0), Point(36.0, 54.0), Point(35.0, 54.0))",35.0,53.0
-0.2416272884894388,1.5814943577097058,0.997549538478208,"Ngon(Point(45.0, 22.0), Point(46.0, 22.0), Point(46.0, 23.0), Point(45.0, 23.0))",45.0,22.0
-0.1449903769238529,-1.0857198510913932,1.868652911042468,"Ngon(Point(28.0, 49.0), Point(29.0, 49.0), Point(29.0, 50.0), Point(28.0, 50.0))",28.0,49.0
-0.2479082374543695,-0.5958604500257455,0.5378763318642976,"Ngon(Point(28.0, 20.0), Point(29.0, 20.0), Point(29.0, 21.0), Point(28.0, 21.0))",28.0,20.0
0.5230877107688938,-0.1907041373466378,1.2720285520345482,"Ngon(Point(15.0, 47.0), Point(16.0, 47.0), Point(16.0, 48.0), Point(15.0, 48.0))",15.0,47.0
-0.4316615055773795,0.4603754902022145,0.2551348543481997,"Ngon(Point(36.0, 6.0), Point(37.0, 6.0), Point(37.0, 7.0), Point(36.0, 7.0))",36.0,6.0
-1.5701378365387668,-0.0606237155167783,-0.2601222670613239,"Ngon(Point(55.0, 48.0), Point(56.0, 48.0), Point(56.0, 49.0), Point(55.0, 49.0))",55.0,48.0
-2.949690501764571,-0.9597895254399093,-1.0761375491495526,"Ngon(Point(20.0, 3.0), Point(21.0, 3.0), Point(21.0, 4.0), Point(20.0, 4.0))",20.0,3.0
-0.1942489193662605,0.0379324783596312,-0.2078135842116523,"Ngon(Point(59.0, 30.0), Point(60.0, 30.0), Point(60.0, 31.0), Point(59.0, 31.0))",59.0,30.0
0.7434143342159972,-1.4342613530742974,-0.3675752854274429,"Ngon(Point(58.0, 15.0), Point(59.0, 15.0), Point(59.0, 16.0), Point(58.0, 16.0))",58.0,15.0
-0.779139624172737,-0.2101926684672819,-1.0926587277047588,"Ngon(Point(49.0, 42.0), Point(50.0, 42.0), Point(50.0, 43.0), Point(49.0, 43.0))",49.0,42.0
-0.4128890896012233,0.0739260356681864,-0.8534473693953663,"Ngon(Point(30.0, 5.0), Point(31.0, 5.0), Point(31.0, 6.0), Point(30.0, 6.0))",30.0,5.0
0.0277802044670684,-0.2921435902066271,0.1264665911850408,"Ngon(Point(14.0, 29.0), Point(15.0, 29.0), Point(15.0, 30.0), Point(14.0, 30.0))",14.0,29.0
-1.6984620441840432,-0.5497820281892747,-1.8029350503453223,"Ngon(Point(49.0, 58.0), Point(50.0, 58.0), Point(50.0, 59.0), Point(49.0, 59.0))",49.0,58.0
-1.3972805213976665,-0.6643709563361185,-0.0341910864691266,"Ngon(Point(56.0, 24.0), Point(57.0, 24.0), Point(57.0, 25.0), Point(56.0, 25.0))",56.0,24.0
-1.1803161405316795,-1.4150271927355564,0.3054671720003817,"Ngon(Point(27.0, 55.0), Point(28.0, 55.0), Point(28.0, 56.0), Point(27.0, 56.0))",27.0,55.0
0.1323794009238834,1.5293276933965667,0.0453844771157109,"Ngon(Point(44.0, 35.0), Point(45.0, 35.0), Point(45.0, 36.0), Point(44.0, 36.0))",44.0,35.0
-0.1389070401497381,0.8955337971662165,1.246296565574698,"Ngon(Point(12.0, 40.0), Point(13.0, 40.0), Point(13.0, 41.0), Point(12.0, 41.0))",12.0,40.0
-0.123496175027741,0.7695896544614126,-0.1771437234070713,"Ngon(Point(40.0, 41.0), Point(41.0, 41.0), Point(41.0, 42.0), Point(40.0, 42.0))",40.0,41.0
-1.0069075697972891,-0.5797314679875194,-1.5114142857874366,"Ngon(Point(12.0, 10.0), Point(13.0, 10.0), Point(13.0, 11.0), Point(12.0, 11.0))",12.0,10.0
-2.102683103173991,-1.3450296993885242,-1.2927334373903767,"Ngon(Point(19.0, 4.0), Point(20.0, 4.0), Point(20.0, 5.0), Point(19.0, 5.0))",19.0,4.0
0.1276880368968154,-1.227370553416745,-0.7020404377975337,"Ngon(Point(1.0, 14.0), Point(2.0, 14.0), Point(2.0, 15.0), Point(1.0, 15.0))",1.0,14.0
0.3286420192081265,0.5499235846808086,1.3172975770762965,"Ngon(Point(44.0, 15.0), Point(45.0, 15.0), Point(45.0, 16.0), Point(44.0, 16.0))",44.0,15.0
0.7495755252451266,-0.1387502536453181,-0.7753623503168359,"Ngon(Point(2.0, 22.0), Point(3.0, 22.0), Point(3.0, 23.0), Point(2.0, 23.0))",2.0,22.0
-1.219830635335719,0.9342762630132152,-1.4140483482279171,"Ngon(Point(8.0, 55.0), Point(9.0, 55.0), Point(9.0, 56.0), Point(8.0, 56.0))",8.0,55.0
-0.8786114672687546,0.6255879130777349,0.9684203399837976,"Ngon(Point(29.0, 53.0), Point(30.0, 53.0), Point(30.0, 54.0), Point(29.0, 54.0))",29.0,53.0
0.2372644975827221,-0.4017333502285867,0.0186556232320594,"Ngon(Point(21.0, 57.0), Point(22.0, 57.0), Point(22.0, 58.0), Point(21.0, 58.0))",21.0,57.0
0.2479812933634287,-0.4056015377245847,-1.1216354068162848,"Ngon(Point(11.0, 6.0), Point(12.0, 6.0), Point(12.0, 7.0), Point(11.0, 7.0))",11.0,6.0
-1.239845037187642,2.409810667933073,0.282097913311306,"Ngon(Point(37.0, 1.0), Point(38.0, 1.0), Point(38.0, 2.0), Point(37.0, 2.0))",37.0,1.0
2.043609892618503,-1.5323779543814648,0.5403908908386421,"Ngon(Point(23.0, 53.0), Point(24.0, 53.0), Point(24.0, 54.0), Point(23.0, 54.0))",23.0,53.0
1.522137726631002,0.1832349093269282,-0.3972917139778397,"Ngon(Point(49.0, 36.0), Point(50.0, 36.0), Point(50.0, 37.0), Point(49.0, 37.0))",49.0,36.0
1.25528886836891,0.4539002285425298,1.0919715089921125,"Ngon(Point(35.0, 31.0), Point(36.0, 31.0), Point(36.0, 32.0), Point(35.0, 32.0))",35.0,31.0
0.3995671417251272,2.229405280575833,-1.198161587139817,"Ngon(Point(24.0, 7.0), Point(25.0, 7.0), Point(25.0, 8.0), Point(24.0, 8.0))",24.0,7.0
1.032005439846376,1.6050411723696367,0.3791268310385601,"Ngon(Point(41.0, 32.0), Point(42.0, 32.0), Point(42.0, 33.0), Point(41.0, 33.0))",41.0,32.0
-0.677075867729322,0.3275380528744629,-0.6794235582734839,"Ngon(Point(53.0, 43.0), Point(54.0, 43.0), Point(54.0, 44.0), Point(53.0, 44.0))",53.0,43.0
-0.7611664581482516,0.0477750455056696,1.0249183129213422,"Ngon(Point(39.0, 28.0), Point(40.0, 28.0), Point(40.0, 29.0), Point(39.0, 29.0))",39.0,28.0
1.937461143659796,-0.3532898471844106,-0.7693838372439792,"Ngon(Point(24.0, 18.0), Point(25.0, 18.0), Point(25.0, 19.0), Point(24.0, 19.0))",24.0,18.0
-0.9695176243648334,0.4730047985717075,-1.5271244080833055,"Ngon(Point(51.0, 54.0), Point(52.0, 54.0), Point(52.0, 55.0), Point(51.0, 55.0))",51.0,54.0
0.8526572228954494,-0.3221402186164667,1.4513727120618616,"Ngon(Point(36.0, 43.0), Point(37.0, 43.0), Point(37.0, 44.0), Point(36.0, 44.0))",36.0,43.0
0.1975849767997533,1.5511287244062069,-0.0619394497816339,"Ngon(Point(2.0, 38.0), Point(3.0, 38.0), Point(3.0, 39.0), Point(2.0, 39.0))",2.0,38.0
-1.641495940000977,-0.4756393504047548,-0.8637160207195063,"Ngon(Point(45.0, 57.0), Point(46.0, 57.0), Point(46.0, 58.0), Point(45.0, 58.0))",45.0,57.0
0.5824450077497567,-0.4104957513111162,-1.2679286472630047,"Ngon(Point(54.0, 2.0), Point(55.0, 2.0), Point(55.0, 3.0), Point(54.0, 3.0))",54.0,2.0
1.2860793519433698,-1.0169554523058857,0.2458287118498955,"Ngon(Point(39.0, 53.0), Point(40.0, 53.0), Point(40.0, 54.0), Point(39.0, 54.0))",39.0,53.0
-0.1390596828328899,1.512039688118234,-1.2514319781618348,"Ngon(Point(8.0, 1.0), Point(9.0, 1.0), Point(9.0, 2.0), Point(8.0, 2.0))",8.0,1.0
1.5500730448403086,1.5237337369877155,-0.1172216436771513,"Ngon(Point(0.0, 37.0), Point(1.0, 37.0), Point(1.0, 38.0), Point(0.0, 38.0))",0.0,37.0
-0.1569278246804167,-0.8898808438996603,1.0304402534519208,"Ngon(Point(17.0, 34.0), Point(18.0, 34.0), Point(18.0, 35.0), Point(17.0, 35.0))",17.0,34.0
1.461626825402979,1.7214403390191242,-0.3059611492108195,"Ngon(Point(9.0, 50.0), Point(10.0, 50.0), Point(10.0, 51.0), Point(9.0, 51.0))",9.0,50.0
0.3549378204832553,1.0853993770646295,0.1565726229274732,"Ngon(Point(45.0, 34.0), Point(46.0, 34.0), Point(46.0, 35.0), Point(45.0, 35.0))",45.0,34.0
-0.1567129578269832,-0.0670881380361026,-0.7243701997230056,"Ngon(Point(9.0, 19.0), Point(10.0, 19.0), Point(10.0, 20.0), Point(9.0, 20.0))",9.0,19.0
-1.3083173066847469,-0.0145626546169125,0.4995734303847389,"Ngon(Point(30.0, 18.0), Point(31.0, 18.0), Point(31.0, 19.0), Point(30.0, 19.0))",30.0,18.0
0.1174686848425085,1.6186395594077203,1.0258266882224365,"Ngon(Point(31.0, 51.0), Point(32.0, 51.0), Point(32.0, 52.0), Point(31.0, 52.0))",31.0,51.0
-0.3556804769545074,0.1092832371179888,0.8646423821989243,"Ngon(Point(38.0, 44.0), Point(39.0, 44.0), Point(39.0, 45.0), Point(38.0, 45.0))",38.0,44.0
0.3209644917542055,-2.0437709181356545,0.5451182701468452,"Ngon(Point(35.0, 57.0), Point(36.0, 57.0), Point(36.0, 58.0), Point(35.0, 58.0))",35.0,57.0
-1.621844549682334,0.3730221198328492,-0.3569556769240279,"Ngon(Point(52.0, 34.0), Point(53.0, 34.0), Point(53.0, 35.0), Point(52.0, 35.0))",52.0,34.0
1.4136354473654262,0.5787517724920831,-0.0748926250205226,"Ngon(Point(52.0, 36.0), Point(53.0, 36.0), Point(53.0, 37.0), Point(52.0, 37.0))",52.0,36.0
1.1702831272185672,0.9268224740571748,-0.3292118360682327,"Ngon(Point(10.0, 52.0), Point(11.0, 52.0), Point(11.0, 53.0), Point(10.0, 53.0))",10.0,52.0
-1.0505279351071402,-0.313513105168039,0.4382142362946242,"Ngon(Point(37.0, 7.0), Point(38.0, 7.0), Point(38.0, 8.0), Point(37.0, 8.0))",37.0,7.0
0.0956775488795302,-1.2111031331528077,1.8148239773714483,"Ngon(Point(31.0, 45.0), Point(32.0, 45.0), Point(32.0, 46.0), Point(31.0, 46.0))",31.0,45.0
0.4351821364227899,-0.7707196345324234,0.887874283414423,"Ngon(Point(12.0, 46.0), Point(13.0, 46.0), Point(13.0, 47.0), Point(12.0, 47.0))",12.0,46.0
-1.6793950534746136,1.441820008599295,0.6012186645034935,"Ngon(Point(7.0, 45.0), Point(8.0, 45.0), Point(8.0, 46.0), Point(7.0, 46.0))",7.0,45.0
-0.9798708002138076,1.0618895209759625,-0.9840745001537724,"Ngon(Point(53.0, 51.0), Point(54.0, 51.0), Point(54.0, 52.0), Point(53.0, 52.0))",53.0,51.0
-1.001027736417814,-0.2842493950705471,-0.4281420510980312,"Ngon(Point(22.0, 58.0), Point(23.0, 58.0), Point(23.0, 59.0), Point(22.0, 59.0))",22.0,58.0
1.852007459331428,1.2985942862182742,1.2534956333249854,"Ngon(Point(26.0, 31.0), Point(27.0, 31.0), Point(27.0, 32.0), Point(26.0, 32.0))",26.0,31.0
-0.6145342719144016,-1.0422001512842178,0.1563912721899767,"Ngon(Point(41.0, 6.0), Point(42.0, 6.0), Point(42.0, 7.0), Point(41.0, 7.0))",41.0,6.0
-1.7428050336398464,0.7524881871994797,0.5355820837441458,"Ngon(Point(37.0, 40.0), Point(38.0, 40.0), Point(38.0, 41.0), Point(37.0, 41.0))",37.0,40.0
2.4144217036744773,1.5520894290787992,1.2925293775398814,"Ngon(Point(26.0, 30.0), Point(27.0, 30.0), Point(27.0, 31.0), Point(26.0, 31.0))",26.0,30.0
0.4676966038474617,-0.0447827443278253,-1.3024907446256575,"Ngon(Point(10.0, 5.0), Point(11.0, 5.0), Point(11.0, 6.0), Point(10.0, 6.0))",10.0,5.0
-0.4154871227327574,-1.112554207355166,-0.59537892219523,"Ngon(Point(46.0, 6.0), Point(47.0, 6.0), Point(47.0, 7.0), Point(46.0, 7.0))",46.0,6.0
-0.9467783315254674,-1.6363986743516614,-1.689401154683046,"Ngon(Point(4.0, 10.0), Point(5.0, 10.0), Point(5.0, 11.0), Point(4.0, 11.0))",4.0,10.0
0.2873249761544229,0.4773844003060976,-0.1347370933381887,"Ngon(Point(3.0, 24.0), Point(4.0, 24.0), Point(4.0, 25.0), Point(3.0, 25.0))",3.0,24.0
-1.9041511364582568,-1.3274829786463591,-1.265448944229942,"Ngon(Point(20.0, 7.0), Point(21.0, 7.0), Point(21.0, 8.0), Point(20.0, 8.0))",20.0,7.0
-0.3247086813930292,-0.0940491673782421,-1.161932426910861,"Ngon(Point(9.0, 12.0), Point(10.0, 12.0), Point(10.0, 13.0), Point(9.0, 13.0))",9.0,12.0
-2.426834563950772,1.0114285013080604,0.2779873855050715,"Ngon(Point(43.0, 9.0), Point(44.0, 9.0), Point(44.0, 10.0), Point(43.0, 10.0))",43.0,9.0
-0.140130053371368,-0.5842778899651943,1.6424380086330028,"Ngon(Point(17.0, 42.0), Point(18.0, 42.0), Point(18.0, 43.0), Point(17.0, 43.0))",17.0,42.0
-0.8915587960178246,-1.584371190797793,0.6195870528024751,"Ngon(Point(26.0, 54.0), Point(27.0, 54.0), Point(27.0, 55.0), Point(26.0, 55.0))",26.0,54.0
0.6427637134877255,-1.885321613538487,-0.1150585734652401,"Ngon(Point(53.0, 17.0), Point(54.0, 17.0), Point(54.0, 18.0), Point(53.0, 18.0))",53.0,17.0
-1.4090945983937193,0.892373703251913,2.152350760876469,"Ngon(Point(20.0, 44.0), Point(21.0, 44.0), Point(21.0, 45.0), Point(20.0, 45.0))",20.0,44.0
0.1603100151724084,0.7349469876380388,-0.500709944038915,"Ngon(Point(49.0, 35.0), Point(50.0, 35.0), Point(50.0, 36.0), Point(49.0, 36.0))",49.0,35.0
-0.5932284266044247,-0.7544291908517659,-1.250090601041939,"Ngon(Point(54.0, 52.0), Point(55.0, 52.0), Point(55.0, 53.0), Point(54.0, 53.0))",54.0,52.0
-0.3641820565580139,-0.1823900504969731,0.3235533286498558,"Ngon(Point(13.0, 50.0), Point(14.0, 50.0), Point(14.0, 51.0), Point(13.0, 51.0))",13.0,50.0
-1.2868319979350098,0.5545729716585255,0.6347746780870888,"Ngon(Point(32.0, 53.0), Point(33.0, 53.0), Point(33.0, 54.0), Point(32.0, 54.0))",32.0,53.0
-1.040605729441605,2.2761198781847454,1.7154973881979076,"Ngon(Point(21.0, 47.0), Point(22.0, 47.0), Point(22.0, 48.0), Point(21.0, 48.0))",21.0,47.0
0.8109944852673258,2.0531356274447585,-0.1845708991723172,"Ngon(Point(26.0, 59.0), Point(27.0, 59.0), Point(27.0, 60.0), Point(26.0, 60.0))",26.0,59.0
0.1069561143309562,-0.0075849662102542,2.254394525495494,"Ngon(Point(20.0, 43.0), Point(21.0, 43.0), Point(21.0, 44.0), Point(20.0, 44.0))",20.0,43.0
-0.7210628405639566,-0.712931019319705,-0.591505869342084,"Ngon(Point(46.0, 38.0), Point(47.0, 38.0), Point(47.0, 39.0), Point(46.0, 39.0))",46.0,38.0
0.7035920949919171,-0.466840693324611,-0.4623097431070225,"Ngon(Point(43.0, 40.0), Point(44.0, 40.0), Point(44.0, 41.0), Point(43.0, 41.0))",43.0,40.0
-0.9718022866382258,-0.5281484975199577,0.7914721772888526,"Ngon(Point(48.0, 17.0), Point(49.0, 17.0), Point(49.0, 18.0), Point(48.0, 18.0))",48.0,17.0
-0.3824975810081972,0.3823136417130027,1.4513537749486218,"Ngon(Point(19.0, 35.0), Point(20.0, 35.0), Point(20.0, 36.0), Point(19.0, 36.0))",19.0,35.0
0.3209153648250102,-1.4812788005718531,1.7783516713097212,"Ngon(Point(31.0, 46.0), Point(32.0, 46.0), Point(32.0, 47.0), Point(31.0, 47.0))",31.0,46.0
-2.4241840925033538,2.475597484736661,2.015749472764313,"Ngon(Point(20.0, 46.0), Point(21.0, 46.0), Point(21.0, 47.0), Point(20.0, 47.0))",20.0,46.0
-1.538546798664872,0.3636365675562746,-1.3891847800415456,"Ngon(Point(56.0, 58.0), Point(57.0, 58.0), Point(57.0, 59.0), Point(56.0, 59.0))",56.0,58.0
-0.8894333785489371,-0.1436683934439777,0.1792185815554542,"Ngon(Point(38.0, 5.0), Point(39.0, 5.0), Point(39.0, 6.0), Point(38.0, 6.0))",38.0,5.0
0.7459446704950911,0.0330055301059023,0.1407887429078596,"Ngon(Point(41.0, 1.0), Point(42.0, 1.0), Point(42.0, 2.0), Point(41.0, 2.0))",41.0,1.0
-0.0089116808364583,1.1514633333917763,-1.0671057730202385,"Ngon(Point(5.0, 51.0), Point(6.0, 51.0), Point(6.0, 52.0), Point(5.0, 52.0))",5.0,51.0
-0.4338001147211399,0.1725159557992712,-0.8686713601815931,"Ngon(Point(9.0, 16.0), Point(10.0, 16.0), Point(10.0, 17.0), Point(9.0, 17.0))",9.0,16.0
0.3383915258247055,0.0280816971720441,1.335181137482131,"Ngon(Point(26.0, 50.0), Point(27.0, 50.0), Point(27.0, 51.0), Point(26.0, 51.0))",26.0,50.0
0.2100076947974154,0.630358272433142,-1.1539205923165063,"Ngon(Point(26.0, 5.0), Point(27.0, 5.0), Point(27.0, 6.0), Point(26.0, 6.0))",26.0,5.0
1.2465308979314935,0.4529785956428988,-0.233066068471196,"Ngon(Point(1.0, 28.0), Point(2.0, 28.0), Point(2.0, 29.0), Point(1.0, 29.0))",1.0,28.0
-0.3631396953869125,1.9819680785791487,0.1504586981397711,"Ngon(Point(43.0, 45.0), Point(44.0, 45.0), Point(44.0, 46.0), Point(43.0, 46.0))",43.0,45.0
-0.3354338179090834,-0.9054654135590804,-1.1210618238660506,"Ngon(Point(8.0, 15.0), Point(9.0, 15.0), Point(9.0, 16.0), Point(8.0, 16.0))",8.0,15.0
-0.3833002807501466,0.7901513537348763,-0.5979162828006098,"Ngon(Point(44.0, 0.0), Point(45.0, 0.0), Point(45.0, 1.0), Point(44.0, 1.0))",44.0,0.0
-0.0736644469343122,-0.2605100311407596,0.866624454175274,"Ngon(Point(11.0, 47.0), Point(12.0, 47.0), Point(12.0, 48.0), Point(11.0, 48.0))",11.0,47.0
1.2122383047231524,-0.05747010881598,0.4400784651083158,"Ngon(Point(42.0, 31.0), Point(43.0, 31.0), Point(43.0, 32.0), Point(42.0, 32.0))",42.0,31.0
0.167579800960683,0.7075212907271852,-1.189974114736408,"Ngon(Point(9.0, 5.0), Point(10.0, 5.0), Point(10.0, 6.0), Point(9.0, 6.0))",9.0,5.0
0.4647995715050506,0.2701552779858416,-1.5008314470029838,"Ngon(Point(51.0, 53.0), Point(52.0, 53.0), Point(52.0, 54.0), Point(51.0, 54.0))",51.0,53.0
-0.6457836918448988,-0.3639721611606413,-1.155240663640262,"Ngon(Point(3.0, 1.0), Point(4.0, 1.0), Point(4.0, 2.0), Point(3.0, 2.0))",3.0,1.0
0.665129879096565,-0.2882714995488211,-0.8466603912748031,"Ngon(Point(9.0, 14.0), Point(10.0, 14.0), Point(10.0, 15.0), Point(9.0, 15.0))",9.0,14.0
0.6435763038149275,1.7226848922830122,-1.2276258627333283,"Ngon(Point(25.0, 6.0), Point(26.0, 6.0), Point(26.0, 7.0), Point(25.0, 7.0))",25.0,6.0
0.3335536725841364,-0.951467754900689,-0.2913140290520833,"Ngon(Point(47.0, 9.0), Point(48.0, 9.0), Point(48.0, 10.0), Point(47.0, 10.0))",47.0,9.0
-0.4366593091381249,0.0495814893508787,1.043469920130669,"Ngon(Point(15.0, 48.0), Point(16.0, 48.0), Point(16.0, 49.0), Point(15.0, 49.0))",15.0,48.0
-0.0518169762143645,-0.6991251416630632,-0.3209018299807826,"Ngon(Point(27.0, 14.0), Point(28.0, 14.0), Point(28.0, 15.0), Point(27.0, 15.0))",27.0,14.0
0.3145132109328711,1.8145344751332328,-1.329694235115378,"Ngon(Point(8.0, 3.0), Point(9.0, 3.0), Point(9.0, 4.0), Point(8.0, 4.0))",8.0,3.0
-0.8172402659592035,1.661179117084565,0.7091758822864045,"Ngon(Point(41.0, 45.0), Point(42.0, 45.0), Point(42.0, 46.0), Point(41.0, 46.0))",41.0,45.0
-0.9909457311010288,-0.1274315860268771,-0.1728135593142027,"Ngon(Point(32.0, 8.0), Point(33.0, 8.0), Point(33.0, 9.0), Point(32.0, 9.0))",32.0,8.0
-0.362983240101436,-0.2687777663279144,1.808002534858478,"Ngon(Point(26.0, 38.0), Point(27.0, 38.0), Point(27.0, 39.0), Point(26.0, 39.0))",26.0,38.0
0.1531462412959517,-0.9802823719709124,-1.345925014734125,"Ngon(Point(15.0, 19.0), Point(16.0, 19.0), Point(16.0, 20.0), Point(15.0, 20.0))",15.0,19.0
0.4967980299317819,1.1162483472965186,0.3383131096392894,"Ngon(Point(33.0, 12.0), Point(34.0, 12.0), Point(34.0, 13.0), Point(33.0, 13.0))",33.0,12.0
0.6413736889344203,0.3379798712764655,0.244444774206473,"Ngon(Point(57.0, 36.0), Point(58.0, 36.0), Point(58.0, 37.0), Point(57.0, 37.0))",57.0,36.0
1.1557584952341422,0.1872278570745463,1.101194020395983,"Ngon(Point(28.0, 27.0), Point(29.0, 27.0), Point(29.0, 28.0), Point(28.0, 28.0))",28.0,27.0
-1.004668535564566,-0.5393704502653843,1.0105190859531414,"Ngon(Point(30.0, 22.0), Point(31.0, 22.0), Point(31.0, 23.0), Point(30.0, 23.0))",30.0,22.0
0.0664217118395603,-0.532628367964061,-1.5503428070971628,"Ngon(Point(5.0, 57.0), Point(6.0, 57.0), Point(6.0, 58.0), Point(5.0, 58.0))",5.0,57.0
0.6445416312770836,0.490411956562467,-0.0071480132676644,"Ngon(Point(9.0, 25.0), Point(10.0, 25.0), Point(10.0, 26.0), Point(9.0, 26.0))",9.0,25.0
2.9690331538530086,-1.0383420078156858,-0.280343851838694,"Ngon(Point(30.0, 1.0), Point(31.0, 1.0), Point(31.0, 2.0), Point(30.0, 2.0))",30.0,1.0
0.4573299709130751,-0.1572344063481739,1.1751950804143272,"Ngon(Point(37.0, 43.0), Point(38.0, 43.0), Point(38.0, 44.0), Point(37.0, 44.0))",37.0,43.0
-0.6267511069970042,-1.5488297607090336,-1.7357212266493744,"Ngon(Point(19.0, 14.0), Point(20.0, 14.0), Point(20.0, 15.0), Point(19.0, 15.0))",19.0,14.0
-0.8838333329788007,-0.6089987782964882,0.5981887079922402,"Ngon(Point(26.0, 23.0), Point(27.0, 23.0), Point(27.0, 24.0), Point(26.0, 24.0))",26.0,23.0
0.3509076243300965,-0.468958592804055,-1.1930778444329968,"Ngon(Point(11.0, 4.0), Point(12.0, 4.0), Point(12.0, 5.0), Point(11.0, 5.0))",11.0,4.0
-1.7962536194117558,1.156047909653655,2.0363158338124814,"Ngon(Point(19.0, 46.0), Point(20.0, 46.0), Point(20.0, 47.0), Point(19.0, 47.0))",19.0,46.0
-0.7430045136802055,-0.6498833709037608,1.452938176548262,"Ngon(Point(41.0, 16.0), Point(42.0, 16.0), Point(42.0, 17.0), Point(41.0, 17.0))",41.0,16.0
-0.4471496506111228,0.5978711928782369,1.8559888301779228,"Ngon(Point(19.0, 47.0), Point(20.0, 47.0), Point(20.0, 48.0), Point(19.0, 48.0))",19.0,47.0
-0.3171107681555186,-0.8268178499944697,-0.9825085457290702,"Ngon(Point(55.0, 52.0), Point(56.0, 52.0), Point(56.0, 53.0), Point(55.0, 53.0))",55.0,52.0
0.7352647737162349,-0.9640970838166828,-0.6699318885915045,"Ngon(Point(54.0, 14.0), Point(55.0, 14.0), Point(55.0, 15.0), Point(54.0, 15.0))",54.0,14.0
1.4978066070371114,-0.8559993235129367,1.4794358947369344,"Ngon(Point(37.0, 49.0), Point(38.0, 49.0), Point(38.0, 50.0), Point(37.0, 50.0))",37.0,49.0
-1.0427704123250343,-1.1400241480154245,-1.4181271331273455,"Ngon(Point(24.0, 12.0), Point(25.0, 12.0), Point(25.0, 13.0), Point(24.0, 13.0))",24.0,12.0
-0.1788745839103796,-0.1799716975695622,0.8269924702480557,"Ngon(Point(14.0, 48.0), Point(15.0, 48.0), Point(15.0, 49.0), Point(14.0, 49.0))",14.0,48.0
-1.1197457289641988,-0.0127847638923732,-0.9126640689007416,"Ngon(Point(48.0, 2.0), Point(49.0, 2.0), Point(49.0, 3.0), Point(48.0, 3.0))",48.0,2.0
0.9773477454636956,-0.4390165094083343,-0.7666305326480897,"Ngon(Point(10.0, 22.0), Point(11.0, 22.0), Point(11.0, 23.0), Point(10.0, 23.0))",10.0,22.0
-0.5914175315594302,-0.961289155211142,-0.924965541064959,"Ngon(Point(13.0, 20.0), Point(14.0, 20.0), Point(14.0, 21.0), Point(13.0, 21.0))",13.0,20.0
0.2387616513176689,1.6982873717092704,0.9735240562476692,"Ngon(Point(25.0, 29.0), Point(26.0, 29.0), Point(26.0, 30.0), Point(25.0, 30.0))",25.0,29.0
-0.6331868229759635,-0.1855739425004989,1.1357908327051212,"Ngon(Point(37.0, 32.0), Point(38.0, 32.0), Point(38.0, 33.0), Point(37.0, 33.0))",37.0,32.0
-0.0589453722572191,-0.0941173987946347,-0.4326895139181223,"Ngon(Point(44.0, 2.0), Point(45.0, 2.0), Point(45.0, 3.0), Point(44.0, 3.0))",44.0,2.0
-0.8386046773853466,-1.8632143319788097,0.2154647771263724,"Ngon(Point(26.0, 55.0), Point(27.0, 55.0), Point(27.0, 56.0), Point(26.0, 56.0))",26.0,55.0
-0.4810606827762066,1.2504651032014693,-0.7863173912460182,"Ngon(Point(47.0, 40.0), Point(48.0, 40.0), Point(48.0, 41.0), Point(47.0, 41.0))",47.0,40.0
0.910716788174482,-0.166596966172682,1.1457558619909267,"Ngon(Point(11.0, 43.0), Point(12.0, 43.0), Point(12.0, 44.0), Point(11.0, 44.0))",11.0,43.0
0.1544271432135381,-0.1712319814508759,-0.9193617416203532,"Ngon(Point(10.0, 19.0), Point(11.0, 19.0), Point(11.0, 20.0), Point(10.0, 20.0))",10.0,19.0
-0.4085364820762004,0.2856641461420741,1.1478029020084102,"Ngon(Point(31.0, 41.0), Point(32.0, 41.0), Point(32.0, 42.0), Point(31.0, 42.0))",31.0,41.0
0.8544828024366923,-0.799105948247696,-0.5003174258492371,"Ngon(Point(56.0, 42.0), Point(57.0, 42.0), Point(57.0, 43.0), Point(56.0, 43.0))",56.0,42.0
0.9257926836808704,1.286528242442682,-0.6989033781752657,"Ngon(Point(27.0, 12.0), Point(28.0, 12.0), Point(28.0, 13.0), Point(27.0, 13.0))",27.0,12.0
0.7771759243904514,0.0550895183519488,-0.7805673951333864,"Ngon(Point(13.0, 22.0), Point(14.0, 22.0), Point(14.0, 23.0), Point(13.0, 23.0))",13.0,22.0
0.0230977668453074,-1.6035686413735233,-0.1770816951565159,"Ngon(Point(18.0, 23.0), Point(19.0, 23.0), Point(19.0, 24.0), Point(18.0, 24.0))",18.0,23.0
-0.6155802143316793,-0.1014787091287203,-0.8867024221234855,"Ngon(Point(16.0, 0.0), Point(17.0, 0.0), Point(17.0, 1.0), Point(16.0, 1.0))",16.0,0.0
0.5574781747875363,1.412073930483405,0.018784922272434,"Ngon(Point(1.0, 38.0), Point(2.0, 38.0), Point(2.0, 39.0), Point(1.0, 39.0))",1.0,38.0
0.4321999408892222,-1.549426894357658,0.0933824507831875,"Ngon(Point(6.0, 33.0), Point(7.0, 33.0), Point(7.0, 34.0), Point(6.0, 34.0))",6.0,33.0
0.16516457152139,1.7674908965633551,-0.8934416779594356,"Ngon(Point(26.0, 9.0), Point(27.0, 9.0), Point(27.0, 10.0), Point(26.0, 10.0))",26.0,9.0
0.5567199675925216,-1.3331700402860274,0.8436568350479547,"Ngon(Point(38.0, 34.0), Point(39.0, 34.0), Point(39.0, 35.0), Point(38.0, 35.0))",38.0,34.0
0.3585138437351682,-0.1017827919367365,-0.7191892515453006,"Ngon(Point(12.0, 21.0), Point(13.0, 21.0), Point(13.0, 22.0), Point(12.0, 22.0))",12.0,21.0
-0.5783014753484529,1.0427394694686625,0.3756921806063401,"Ngon(Point(39.0, 42.0), Point(40.0, 42.0), Point(40.0, 43.0), Point(39.0, 43.0))",39.0,42.0
-1.3932957422112229,0.7012521989336545,-1.4092159591580395,"Ngon(Point(6.0, 53.0), Point(7.0, 53.0), Point(7.0, 54.0), Point(6.0, 54.0))",6.0,53.0
-0.7994893382696833,0.5327571464809155,0.1791678448506497,"Ngon(Point(35.0, 6.0), Point(36.0, 6.0), Point(36.0, 7.0), Point(35.0, 7.0))",35.0,6.0
-0.9798991748692044,-0.4336014620500523,1.3104014360792149,"Ngon(Point(13.0, 42.0), Point(14.0, 42.0), Point(14.0, 43.0), Point(13.0, 43.0))",13.0,42.0
0.3805972991024288,0.8201897903700001,0.1600297485375675,"Ngon(Point(10.0, 49.0), Point(11.0, 49.0), Point(11.0, 50.0), Point(10.0, 50.0))",10.0,49.0
0.7968069736155807,0.5765834272646833,0.4769832882608054,"Ngon(Point(51.0, 23.0), Point(52.0, 23.0), Point(52.0, 24.0), Point(51.0, 24.0))",51.0,23.0
1.977830471487039,-1.7441355892166526,-1.5369781960103566,"Ngon(Point(16.0, 5.0), Point(17.0, 5.0), Point(17.0, 6.0), Point(16.0, 6.0))",16.0,5.0
-0.4524402167764525,1.3155274936848598,0.7999977590865285,"Ngon(Point(10.0, 36.0), Point(11.0, 36.0), Point(11.0, 37.0), Point(10.0, 37.0))",10.0,36.0
-0.7843442619160316,0.2879376211560233,0.8187505009272931,"Ngon(Point(31.0, 17.0), Point(32.0, 17.0), Point(32.0, 18.0), Point(31.0, 18.0))",31.0,17.0
0.054755793793885,1.2285055612001248,0.4246923068232595,"Ngon(Point(34.0, 12.0), Point(35.0, 12.0), Point(35.0, 13.0), Point(34.0, 13.0))",34.0,12.0
-0.3492489777370228,-0.05322390499084,0.9160545960603655,"Ngon(Point(39.0, 29.0), Point(40.0, 29.0), Point(40.0, 30.0), Point(39.0, 30.0))",39.0,29.0
0.4020685233942688,1.4626189193192407,1.2701663300781438,"Ngon(Point(31.0, 50.0), Point(32.0, 50.0), Point(32.0, 51.0), Point(31.0, 51.0))",31.0,50.0
0.0366278134387447,-0.2826805760145114,1.4661130437580188,"Ngon(Point(32.0, 42.0), Point(33.0, 42.0), Point(33.0, 43.0), Point(32.0, 43.0))",32.0,42.0
1.2029848037592537,-1.5694201932494851,-0.5062491375690461,"Ngon(Point(59.0, 15.0), Point(60.0, 15.0), Point(60.0, 16.0), Point(59.0, 16.0))",59.0,15.0
0.4479115001161124,-1.1601764845663798,0.2851710380121811,"Ngon(Point(47.0, 29.0), Point(48.0, 29.0), Point(48.0, 30.0), Point(47.0, 30.0))",47.0,29.0
-1.1258242372651446,-1.4706018509158785,2.1522173484325045,"Ngon(Point(18.0, 39.0), Point(19.0, 39.0), Point(19.0, 40.0), Point(18.0, 40.0))",18.0,39.0
-0.8061409030746287,0.3239299439140713,0.4544138740115299,"Ngon(Point(30.0, 54.0), Point(31.0, 54.0), Point(31.0, 55.0), Point(30.0, 55.0))",30.0,54.0
1.715501795718945,-0.223864632561396,-0.3685970823099942,"Ngon(Point(48.0, 48.0), Point(49.0, 48.0), Point(49.0, 49.0), Point(48.0, 49.0))",48.0,48.0
0.1298828323525863,-2.4216510610573305,-1.7680008063045156,"Ngon(Point(19.0, 15.0), Point(20.0, 15.0), Point(20.0, 16.0), Point(19.0, 16.0))",19.0,15.0
0.4519550859004013,-1.941163882310618,0.1154562628756438,"Ngon(Point(53.0, 24.0), Point(54.0, 24.0), Point(54.0, 25.0), Point(53.0, 25.0))",53.0,24.0
0.3677482974190929,-0.7233515803116564,-1.0920729602656605,"Ngon(Point(56.0, 11.0), Point(57.0, 11.0), Point(57.0, 12.0), Point(56.0, 12.0))",56.0,11.0
1.896324491498005,1.6346784754173376,-1.2298988228540657,"Ngon(Point(8.0, 8.0), Point(9.0, 8.0), Point(9.0, 9.0), Point(8.0, 9.0))",8.0,8.0
0.3282928591223907,-1.2553808665995294,-0.5338329409057945,"Ngon(Point(54.0, 15.0), Point(55.0, 15.0), Point(55.0, 16.0), Point(54.0, 16.0))",54.0,15.0
1.454343010503994,1.123682752068749,0.669017722222889,"Ngon(Point(34.0, 13.0), Point(35.0, 13.0), Point(35.0, 14.0), Point(34.0, 14.0))",34.0,13.0
0.5326950895209391,1.447600969434091,1.08066891475616,"Ngon(Point(11.0, 40.0), Point(12.0, 40.0), Point(12.0, 41.0), Point(11.0, 41.0))",11.0,40.0
-0.4505711756147444,0.0860207057599594,-0.5229183241849146,"Ngon(Point(47.0, 51.0), Point(48.0, 51.0), Point(48.0, 52.0), Point(47.0, 52.0))",47.0,51.0
-1.4774226451447352,0.0905284025609027,1.3664277809506622,"Ngon(Point(33.0, 25.0), Point(34.0, 25.0), Point(34.0, 26.0), Point(33.0, 26.0))",33.0,25.0
-0.3724123578387863,-1.6380476763785596,-0.9932822088278932,"Ngon(Point(16.0, 21.0), Point(17.0, 21.0), Point(17.0, 22.0), Point(16.0, 22.0))",16.0,21.0
-0.6548338329019721,-0.5916304585742647,-0.7456455058261384,"Ngon(Point(46.0, 5.0), Point(47.0, 5.0), Point(47.0, 6.0), Point(46.0, 6.0))",46.0,5.0
0.997528608276888,0.058813234019699,-1.076608416619184,"Ngon(Point(55.0, 10.0), Point(56.0, 10.0), Point(56.0, 11.0), Point(55.0, 11.0))",55.0,10.0
-1.675066788090335,0.9244397801152248,-1.0349879877096009,"Ngon(Point(8.0, 54.0), Point(9.0, 54.0), Point(9.0, 55.0), Point(8.0, 55.0))",8.0,54.0
2.227141915684137,-0.2739438596132909,0.1936059420256287,"Ngon(Point(5.0, 38.0), Point(6.0, 38.0), Point(6.0, 39.0), Point(5.0, 39.0))",5.0,38.0
0.7088609244735765,-1.268493514774867,0.9522634504361412,"Ngon(Point(37.0, 34.0), Point(38.0, 34.0), Point(38.0, 35.0), Point(37.0, 35.0))",37.0,34.0
-1.005217569027434,-0.6869085782701195,-0.3336851363182586,"Ngon(Point(46.0, 51.0), Point(47.0, 51.0), Point(47.0, 52.0), Point(46.0, 52.0))",46.0,51.0
0.0030637601633514,-1.6284247140089685,1.84089373624932,"Ngon(Point(17.0, 39.0), Point(18.0, 39.0), Point(18.0, 40.0), Point(17.0, 40.0))",17.0,39.0
-2.080659649316124,1.2303476956285848,0.2114360301654256,"Ngon(Point(35.0, 4.0), Point(36.0, 4.0), Point(36.0, 5.0), Point(35.0, 5.0))",35.0,4.0
0.8700359691969406,0.5847333331443771,0.9293973569325196,"Ngon(Point(10.0, 37.0), Point(11.0, 37.0), Point(11.0, 38.0), Point(10.0, 38.0))",10.0,37.0
-0.6763840319521192,0.083835216044919,-1.0747007428298705,"Ngon(Point(0.0, 53.0), Point(1.0, 53.0), Point(1.0, 54.0), Point(0.0, 54.0))",0.0,53.0
-1.5113005954653496,0.0438283994903303,0.7607017238349129,"Ngon(Point(36.0, 40.0), Point(37.0, 40.0), Point(37.0, 41.0), Point(36.0, 41.0))",36.0,40.0
-1.3792014100298151,-0.1724502747908714,-0.8516063417952442,"Ngon(Point(47.0, 52.0), Point(48.0, 52.0), Point(48.0, 53.0), Point(47.0, 53.0))",47.0,52.0
0.25562811702238,0.0238351102688448,-1.011962283860003,"Ngon(Point(58.0, 3.0), Point(59.0, 3.0), Point(59.0, 4.0), Point(58.0, 4.0))",58.0,3.0
-0.5244727057744774,-1.4306002585060993,-1.383265796872659,"Ngon(Point(11.0, 11.0), Point(12.0, 11.0), Point(12.0, 12.0), Point(11.0, 12.0))",11.0,11.0
-0.1670936637057083,0.4683489614736411,1.3506013211939545,"Ngon(Point(30.0, 39.0), Point(31.0, 39.0), Point(31.0, 40.0), Point(30.0, 40.0))",30.0,39.0
-0.1930074616773598,1.0171404532217834,-0.9656679648819606,"Ngon(Point(48.0, 41.0), Point(49.0, 41.0), Point(49.0, 42.0), Point(48.0, 42.0))",48.0,41.0
-0.4082689271223552,1.322069847637555,-0.903045433671928,"Ngon(Point(59.0, 11.0), Point(60.0, 11.0), Point(60.0, 12.0), Point(59.0, 12.0))",59.0,11.0
-0.3282376920607593,0.5903686017527832,1.4590971230757668,"Ngon(Point(22.0, 35.0), Point(23.0, 35.0), Point(23.0, 36.0), Point(22.0, 36.0))",22.0,35.0
0.2283160156419784,1.456841002766307,-1.379222125281918,"Ngon(Point(8.0, 5.0), Point(9.0, 5.0), Point(9.0, 6.0), Point(8.0, 6.0))",8.0,5.0
-0.1845932883975646,-1.2130668448163422,-1.8175655570587632,"Ngon(Point(53.0, 55.0), Point(54.0, 55.0), Point(54.0, 56.0), Point(53.0, 56.0))",53.0,55.0
0.8491932599391397,1.9554184826208891,1.1072127745851907,"Ngon(Point(25.0, 31.0), Point(26.0, 31.0), Point(26.0, 32.0), Point(25.0, 32.0))",25.0,31.0
1.2453953763903938,0.8149764278193964,-0.3933937665525077,"Ngon(Point(44.0, 41.0), Point(45.0, 41.0), Point(45.0, 42.0), Point(44.0, 42.0))",44.0,41.0
-1.1064779768821382,1.9305602184244608,-0.2779020630232652,"Ngon(Point(59.0, 33.0), Point(60.0, 33.0), Point(60.0, 34.0), Point(59.0, 34.0))",59.0,33.0
1.3458920204392162,1.1831918106833663,0.8839966676643484,"Ngon(Point(10.0, 45.0), Point(11.0, 45.0), Point(11.0, 46.0), Point(10.0, 46.0))",10.0,45.0
1.2424669813962412,0.681327685054481,-0.4771177006570132,"Ngon(Point(26.0, 1.0), Point(27.0, 1.0), Point(27.0, 2.0), Point(26.0, 2.0))",26.0,1.0
0.4550271440700667,0.3165184203028287,-1.834390980238748,"Ngon(Point(15.0, 15.0), Point(16.0, 15.0), Point(16.0, 16.0), Point(15.0, 16.0))",15.0,15.0
1.5057177940097477,0.4990151058554078,-0.4647206247212972,"Ngon(Point(30.0, 2.0), Point(31.0, 2.0), Point(31.0, 3.0), Point(30.0, 3.0))",30.0,2.0
0.3928299215198199,-0.7313016993682507,-0.4330207915511614,"Ngon(Point(55.0, 16.0), Point(56.0, 16.0), Point(56.0, 17.0), Point(55.0, 17.0))",55.0,16.0
-1.4488739754762392,-0.9859110900405286,1.2609449659204477,"Ngon(Point(39.0, 26.0), Point(40.0, 26.0), Point(40.0, 27.0), Point(39.0, 27.0))",39.0,26.0
-1.4736401427006685,0.2338927756098496,0.4831286680582654,"Ngon(Point(37.0, 39.0), Point(38.0, 39.0), Point(38.0, 40.0), Point(37.0, 40.0))",37.0,39.0
0.6024303759485105,-0.7746565259408625,-0.1868138657423987,"Ngon(Point(56.0, 29.0), Point(57.0, 29.0), Point(57.0, 30.0), Point(56.0, 30.0))",56.0,29.0
0.1804870897741768,1.9986138449893085,-1.322372750812249,"Ngon(Point(7.0, 5.0), Point(8.0, 5.0), Point(8.0, 6.0), Point(7.0, 6.0))",7.0,5.0
2.0735122894090074,-0.6884468875184664,0.8475420807897317,"Ngon(Point(23.0, 52.0), Point(24.0, 52.0), Point(24.0, 53.0), Point(23.0, 53.0))",23.0,52.0
-0.4337674869997233,-0.2251347211278185,1.152598252594644,"Ngon(Point(20.0, 33.0), Point(21.0, 33.0), Point(21.0, 34.0), Point(20.0, 34.0))",20.0,33.0
-0.2259295145360507,-1.1957917147401849,-1.2508775596955442,"Ngon(Point(16.0, 20.0), Point(17.0, 20.0), Point(17.0, 21.0), Point(16.0, 21.0))",16.0,20.0
0.6092781821145791,1.6602991374510605,-1.4203641662364743,"Ngon(Point(7.0, 0.0), Point(8.0, 0.0), Point(8.0, 1.0), Point(7.0, 1.0))",7.0,0.0
-0.1724427226775805,1.6556334174750724,-0.2950331633235891,"Ngon(Point(32.0, 3.0), Point(33.0, 3.0), Point(33.0, 4.0), Point(32.0, 4.0))",32.0,3.0
-0.5654980059011657,-1.5228402069962754,-1.3905197531155054,"Ngon(Point(54.0, 53.0), Point(55.0, 53.0), Point(55.0, 54.0), Point(54.0, 54.0))",54.0,53.0
0.7394011804894915,0.930239367664186,-1.2060957097723954,"Ngon(Point(50.0, 50.0), Point(51.0, 50.0), Point(51.0, 51.0), Point(50.0, 51.0))",50.0,50.0
1.088766583698893,-0.916511421581102,-0.7715420731666318,"Ngon(Point(3.0, 20.0), Point(4.0, 20.0), Point(4.0, 21.0), Point(3.0, 21.0))",3.0,20.0
0.5842846850511293,-0.0771690369856921,0.4017175076518219,"Ngon(Point(6.0, 40.0), Point(7.0, 40.0), Point(7.0, 41.0), Point(6.0, 41.0))",6.0,40.0
2.845925775061274,0.7712409419443219,-1.1713242107005148,"Ngon(Point(24.0, 3.0), Point(25.0, 3.0), Point(25.0, 4.0), Point(24.0, 4.0))",24.0,3.0
-1.0712621702766982,0.7377279360241552,1.8509438620744192,"Ngon(Point(37.0, 18.0), Point(38.0, 18.0), Point(38.0, 19.0), Point(37.0, 19.0))",37.0,18.0
-0.195579985158947,-0.5767248524171517,1.6949677239447152,"Ngon(Point(32.0, 45.0), Point(33.0, 45.0), Point(33.0, 46.0), Point(32.0, 46.0))",32.0,45.0
2.025436914626072,1.3995099140466891,-1.0502984366194716,"Ngon(Point(25.0, 3.0), Point(26.0, 3.0), Point(26.0, 4.0), Point(25.0, 4.0))",25.0,3.0
0.4407413012094831,-0.805539465446765,0.469487319395709,"Ngon(Point(39.0, 34.0), Point(40.0, 34.0), Point(40.0, 35.0), Point(39.0, 35.0))",39.0,34.0
-0.7987532411570041,0.729526437713879,0.5632637083742711,"Ngon(Point(23.0, 27.0), Point(24.0, 27.0), Point(24.0, 28.0), Point(23.0, 28.0))",23.0,27.0
1.2614503783420126,0.2815048764549762,-0.4710141702146559,"Ngon(Point(11.0, 27.0), Point(12.0, 27.0), Point(12.0, 28.0), Point(11.0, 28.0))",11.0,27.0
-0.4250789865319691,-0.4050707358907459,-0.3301125605732656,"Ngon(Point(57.0, 47.0), Point(58.0, 47.0), Point(58.0, 48.0), Point(57.0, 48.0))",57.0,47.0
0.611490262806143,-0.6846485618342313,-0.3780724247032542,"Ngon(Point(28.0, 13.0), Point(29.0, 13.0), Point(29.0, 14.0), Point(28.0, 14.0))",28.0,13.0
-1.1747342712901825,1.2760436164838689,0.223526245403107,"Ngon(Point(37.0, 4.0), Point(38.0, 4.0), Point(38.0, 5.0), Point(37.0, 5.0))",37.0,4.0
1.821130247381897,-0.5945576696362489,-0.3562354149316916,"Ngon(Point(48.0, 49.0), Point(49.0, 49.0), Point(49.0, 50.0), Point(48.0, 50.0))",48.0,49.0
-0.3763496259585331,-0.9454872385321604,-1.1914363236146834,"Ngon(Point(14.0, 19.0), Point(15.0, 19.0), Point(15.0, 20.0), Point(14.0, 20.0))",14.0,19.0
-0.5063855031507399,1.1163172995408095,0.3413286288183266,"Ngon(Point(41.0, 34.0), Point(42.0, 34.0), Point(42.0, 35.0), Point(41.0, 35.0))",41.0,34.0
-1.72927332623405,-0.047514957041552,0.0636842261898802,"Ngon(Point(57.0, 24.0), Point(58.0, 24.0), Point(58.0, 25.0), Point(57.0, 25.0))",57.0,24.0
0.1199023655431012,0.8814137313817209,-0.0410752161484955,"Ngon(Point(27.0, 58.0), Point(28.0, 58.0), Point(28.0, 59.0), Point(27.0, 59.0))",27.0,58.0
2.7264478604078626,-0.1619271123063964,-0.2803101241018724,"Ngon(Point(57.0, 17.0), Point(58.0, 17.0), Point(58.0, 18.0), Point(57.0, 18.0))",57.0,17.0
-0.7733384796482085,-1.4053986810190904,-0.7845009113852521,"Ngon(Point(48.0, 6.0), Point(49.0, 6.0), Point(49.0, 7.0), Point(48.0, 7.0))",48.0,6.0
-0.8680658020901929,0.782612452231949,-0.4846131356864094,"Ngon(Point(49.0, 34.0), Point(50.0, 34.0), Point(50.0, 35.0), Point(49.0, 35.0))",49.0,34.0
1.916255459002073,-0.1249901252843372,1.1954852783188827,"Ngon(Point(36.0, 51.0), Point(37.0, 51.0), Point(37.0, 52.0), Point(36.0, 52.0))",36.0,51.0
1.6085562638680495,1.0518328471551963,1.2099784894966117,"Ngon(Point(42.0, 23.0), Point(43.0, 23.0), Point(43.0, 24.0), Point(42.0, 24.0))",42.0,23.0
-1.6345503547069054,-0.0697925156736948,-1.098040664446659,"Ngon(Point(54.0, 7.0), Point(55.0, 7.0), Point(55.0, 8.0), Point(54.0, 8.0))",54.0,7.0
0.2236378820099823,-1.732531784848212,-1.3731588644048178,"Ngon(Point(3.0, 11.0), Point(4.0, 11.0), Point(4.0, 12.0), Point(3.0, 12.0))",3.0,11.0
-1.8072713754495449,1.4819338603582166,0.428398356556386,"Ngon(Point(43.0, 10.0), Point(44.0, 10.0), Point(44.0, 11.0), Point(43.0, 11.0))",43.0,10.0
0.4485290518211297,0.784895556451125,-1.23044636764695,"Ngon(Point(18.0, 3.0), Point(19.0, 3.0), Point(19.0, 4.0), Point(18.0, 4.0))",18.0,3.0
-0.6268373640711232,0.5215677414765084,-0.776300583866453,"Ngon(Point(53.0, 45.0), Point(54.0, 45.0), Point(54.0, 46.0), Point(53.0, 46.0))",53.0,45.0
0.8882516969856638,0.7689635694638949,1.225676635027811,"Ngon(Point(36.0, 14.0), Point(37.0, 14.0), Point(37.0, 15.0), Point(36.0, 15.0))",36.0,14.0
0.2031702911366319,-0.921074647673601,-0.2987167807084586,"Ngon(Point(43.0, 3.0), Point(44.0, 3.0), Point(44.0, 4.0), Point(43.0, 4.0))",43.0,3.0
0.8648333705506788,0.4337289468871069,-1.2638835546108935,"Ngon(Point(58.0, 55.0), Point(59.0, 55.0), Point(59.0, 56.0), Point(58.0, 56.0))",58.0,55.0
2.7220499290125737,0.9308865082629736,-1.325729673494897,"Ngon(Point(24.0, 4.0), Point(25.0, 4.0), Point(25.0, 5.0), Point(24.0, 5.0))",24.0,4.0
0.2707236308695659,-0.8536843820115207,-0.3108839011336152,"Ngon(Point(26.0, 18.0), Point(27.0, 18.0), Point(27.0, 19.0), Point(26.0, 19.0))",26.0,18.0
-0.082539898640983,0.6726549849232698,-0.1192776890118855,"Ngon(Point(47.0, 33.0), Point(48.0, 33.0), Point(48.0, 34.0), Point(47.0, 34.0))",47.0,33.0
0.4673475993637025,-2.914379227008701,-1.380494343783314,"Ngon(Point(15.0, 7.0), Point(16.0, 7.0), Point(16.0, 8.0), Point(15.0, 8.0))",15.0,7.0
-0.5254557415448743,-1.080649494544886,0.214157517671748,"Ngon(Point(27.0, 19.0), Point(28.0, 19.0), Point(28.0, 20.0), Point(27.0, 20.0))",27.0,19.0
-0.3140405326493272,-0.021688072577279,-1.309413108732663,"Ngon(Point(57.0, 57.0), Point(58.0, 57.0), Point(58.0, 58.0), Point(57.0, 58.0))",57.0,57.0
0.7642440990658768,0.8693366215526718,-0.1116107412306748,"Ngon(Point(1.0, 26.0), Point(2.0, 26.0), Point(2.0, 27.0), Point(1.0, 27.0))",1.0,26.0
-0.001596266358432,-0.1006939434106632,-0.6379018827280142,"Ngon(Point(56.0, 22.0), Point(57.0, 22.0), Point(57.0, 23.0), Point(56.0, 23.0))",56.0,22.0
0.7371317898179748,0.9361065179049264,-1.853241134717301,"Ngon(Point(53.0, 59.0), Point(54.0, 59.0), Point(54.0, 60.0), Point(53.0, 60.0))",53.0,59.0
-1.334126578958351,0.1793953536214921,2.217434975227444,"Ngon(Point(19.0, 44.0), Point(20.0, 44.0), Point(20.0, 45.0), Point(19.0, 45.0))",19.0,44.0
-0.821356497652807,-0.2469682565318153,0.2250085233502622,"Ngon(Point(37.0, 6.0), Point(38.0, 6.0), Point(38.0, 7.0), Point(37.0, 7.0))",37.0,6.0
2.220683983414728,-0.6762217836954136,1.1813816037323783,"Ngon(Point(20.0, 50.0), Point(21.0, 50.0), Point(21.0, 51.0), Point(20.0, 51.0))",20.0,50.0
1.218554923347166,-1.2778981642864191,-1.2740758771019758,"Ngon(Point(14.0, 4.0), Point(15.0, 4.0), Point(15.0, 5.0), Point(14.0, 5.0))",14.0,4.0
0.0554917822373902,-2.834127800914847,-1.5460280607421593,"Ngon(Point(17.0, 6.0), Point(18.0, 6.0), Point(18.0, 7.0), Point(17.0, 7.0))",17.0,6.0
1.2516332953406557,-0.5577243177007873,0.3849467397850826,"Ngon(Point(31.0, 57.0), Point(32.0, 57.0), Point(32.0, 58.0), Point(31.0, 58.0))",31.0,57.0
-0.7503786080640057,-2.027521780612565,-0.457608409522071,"Ngon(Point(47.0, 7.0), Point(48.0, 7.0), Point(48.0, 8.0), Point(47.0, 8.0))",47.0,7.0
0.3201969736586902,0.9445407366036348,-0.5700206075356148,"Ngon(Point(55.0, 21.0), Point(56.0, 21.0), Point(56.0, 22.0), Point(55.0, 22.0))",55.0,21.0
0.1724201635165418,-1.6608091554165931,-0.8976810279463722,"Ngon(Point(10.0, 58.0), Point(11.0, 58.0), Point(11.0, 59.0), Point(10.0, 59.0))",10.0,58.0
0.7640664619571852,0.6845036888480626,-0.6894658936325012,"Ngon(Point(27.0, 4.0), Point(28.0, 4.0), Point(28.0, 5.0), Point(27.0, 5.0))",27.0,4.0
0.1152849154877829,-0.3251971910588649,-0.9125653840809012,"Ngon(Point(59.0, 5.0), Point(60.0, 5.0), Point(60.0, 6.0), Point(59.0, 6.0))",59.0,5.0
0.7070395336076664,1.7337017327754487,-0.0186374469351261,"Ngon(Point(7.0, 23.0), Point(8.0, 23.0), Point(8.0, 24.0), Point(7.0, 24.0))",7.0,23.0
0.6177881280733515,-0.7542876796356416,-0.1842433781726018,"Ngon(Point(25.0, 20.0), Point(26.0, 20.0), Point(26.0, 21.0), Point(25.0, 21.0))",25.0,20.0
-0.3847843592896169,0.0217559017357689,1.000545623051187,"Ngon(Point(37.0, 31.0), Point(38.0, 31.0), Point(38.0, 32.0), Point(37.0, 32.0))",37.0,31.0
-0.1251485769470356,-0.1658964316218648,-1.3472917085264138,"Ngon(Point(22.0, 14.0), Point(23.0, 14.0), Point(23.0, 15.0), Point(22.0, 15.0))",22.0,14.0
0.1198077814571175,-0.2709831140636269,-0.1080463201123857,"Ngon(Point(40.0, 56.0), Point(41.0, 56.0), Point(41.0, 57.0), Point(40.0, 57.0))",40.0,56.0
1.2688881281767788,0.5830439849636282,0.0157719723055648,"Ngon(Point(50.0, 13.0), Point(51.0, 13.0), Point(51.0, 14.0), Point(50.0, 14.0))",50.0,13.0
-0.5669163764827816,1.6527014732144074,-0.3623511365758874,"Ngon(Point(40.0, 39.0), Point(41.0, 39.0), Point(41.0, 40.0), Point(40.0, 40.0))",40.0,39.0
-0.8220801113645072,0.1435624273654893,1.4782481132719594,"Ngon(Point(29.0, 35.0), Point(30.0, 35.0), Point(30.0, 36.0), Point(29.0, 36.0))",29.0,35.0
0.6530471410838787,-0.53536541346175,1.2752757293394466,"Ngon(Point(30.0, 31.0), Point(31.0, 31.0), Point(31.0, 32.0), Point(30.0, 32.0))",30.0,31.0
0.5644076038004464,-0.4347122192873935,-0.171874890055255,"Ngon(Point(55.0, 44.0), Point(56.0, 44.0), Point(56.0, 45.0), Point(55.0, 45.0))",55.0,44.0
-1.1977655801304286,1.0637395231448348,0.4105214333183824,"Ngon(Point(36.0, 1.0), Point(37.0, 1.0), Point(37.0, 2.0), Point(36.0, 2.0))",36.0,1.0
-2.201674189834138,1.1352016462623375,-0.8022058133092014,"Ngon(Point(53.0, 49.0), Point(54.0, 49.0), Point(54.0, 50.0), Point(53.0, 50.0))",53.0,49.0
-0.1839305343305463,-1.148021907993318,1.2619947650278578,"Ngon(Point(17.0, 47.0), Point(18.0, 47.0), Point(18.0, 48.0), Point(17.0, 48.0))",17.0,47.0
1.0304965048652208,-0.0161253240961831,-1.112244522440097,"Ngon(Point(55.0, 11.0), Point(56.0, 11.0), Point(56.0, 12.0), Point(55.0, 12.0))",55.0,11.0
-0.649883024729425,0.7028655986581404,-0.679599039693019,"Ngon(Point(45.0, 2.0), Point(46.0, 2.0), Point(46.0, 3.0), Point(45.0, 3.0))",45.0,2.0
-0.0424952351319275,1.6406612393290692,-1.1980588753246604,"Ngon(Point(24.0, 8.0), Point(25.0, 8.0), Point(25.0, 9.0), Point(24.0, 9.0))",24.0,8.0
-1.45489859362914,0.0282866437755568,0.5797928398745729,"Ngon(Point(26.0, 25.0), Point(27.0, 25.0), Point(27.0, 26.0), Point(26.0, 26.0))",26.0,25.0
0.3489937795910014,0.6723247404096327,0.0960224508287715,"Ngon(Point(11.0, 51.0), Point(12.0, 51.0), Point(12.0, 52.0), Point(11.0, 52.0))",11.0,51.0
1.0070582738466076,0.5277627458424614,1.716758759627226,"Ngon(Point(23.0, 47.0), Point(24.0, 47.0), Point(24.0, 48.0), Point(23.0, 48.0))",23.0,47.0
0.6940990687510054,0.7652658941772537,-1.4328167837534038,"Ngon(Point(8.0, 0.0), Point(9.0, 0.0), Point(9.0, 1.0), Point(8.0, 1.0))",8.0,0.0
-1.7227945952243684,-1.0233453729024404,0.6325508615638836,"Ngon(Point(14.0, 33.0), Point(15.0, 33.0), Point(15.0, 34.0), Point(14.0, 34.0))",14.0,33.0
-0.6628157783002857,-1.460101919224731,-0.2765581478944177,"Ngon(Point(43.0, 4.0), Point(44.0, 4.0), Point(44.0, 5.0), Point(43.0, 5.0))",43.0,4.0
-0.96749461451201,-0.5081709094753947,-1.2125150801562186,"Ngon(Point(50.0, 42.0), Point(51.0, 42.0), Point(51.0, 43.0), Point(50.0, 43.0))",50.0,42.0
-1.4845348711543451,0.0070730969935634,0.6114410864435055,"Ngon(Point(45.0, 13.0), Point(46.0, 13.0), Point(46.0, 14.0), Point(45.0, 14.0))",45.0,13.0
-0.4333790609387697,-1.44463726582332,-1.2465861782329095,"Ngon(Point(3.0, 54.0), Point(4.0, 54.0), Point(4.0, 55.0), Point(3.0, 55.0))",3.0,54.0
0.1355615149206684,-1.9305728996946812,0.1410238923083852,"Ngon(Point(7.0, 27.0), Point(8.0, 27.0), Point(8.0, 28.0), Point(7.0, 28.0))",7.0,27.0
-0.6163998029262677,0.9167509563591566,-0.0763179496226284,"Ngon(Point(39.0, 38.0), Point(40.0, 38.0), Point(40.0, 39.0), Point(39.0, 39.0))",39.0,38.0
0.7807646098887949,1.161029752748716,-0.421003070673474,"Ngon(Point(46.0, 42.0), Point(47.0, 42.0), Point(47.0, 43.0), Point(46.0, 43.0))",46.0,42.0
1.0536112177055008,0.384870380601604,0.8636341530832568,"Ngon(Point(45.0, 27.0), Point(46.0, 27.0), Point(46.0, 28.0), Point(45.0, 28.0))",45.0,27.0
0.6490982256034137,0.3246465090291679,-0.5951450035575857,"Ngon(Point(28.0, 7.0), Point(29.0, 7.0), Point(29.0, 8.0), Point(28.0, 8.0))",28.0,7.0
-0.5754280818145161,0.5214200005684855,0.9427186044128604,"Ngon(Point(28.0, 53.0), Point(29.0, 53.0), Point(29.0, 54.0), Point(28.0, 54.0))",28.0,53.0
0.4366701519317896,-0.524260644523508,0.2506276834729095,"Ngon(Point(12.0, 32.0), Point(13.0, 32.0), Point(13.0, 33.0), Point(12.0, 33.0))",12.0,32.0
-0.0853728562677599,0.196947465917153,1.3754095744282189,"Ngon(Point(41.0, 19.0), Point(42.0, 19.0), Point(42.0, 20.0), Point(41.0, 20.0))",41.0,19.0
-0.7292903848316373,-0.8553670434141663,0.0664888842512117,"Ngon(Point(34.0, 55.0), Point(35.0, 55.0), Point(35.0, 56.0), Point(34.0, 56.0))",34.0,55.0
-2.1955066659044533,0.9294935870923208,1.104129839872075,"Ngon(Point(46.0, 18.0), Point(47.0, 18.0), Point(47.0, 19.0), Point(46.0, 19.0))",46.0,18.0
0.4541760733248087,-1.5040482487639386,-1.2951846935154745,"Ngon(Point(56.0, 55.0), Point(57.0, 55.0), Point(57.0, 56.0), Point(56.0, 56.0))",56.0,55.0
-1.636348067461609,0.204106338127837,-0.6347820556840227,"Ngon(Point(45.0, 3.0), Point(46.0, 3.0), Point(46.0, 4.0), Point(45.0, 4.0))",45.0,3.0
-0.2067377687707797,-0.7191662000017507,0.1231989864510567,"Ngon(Point(45.0, 9.0), Point(46.0, 9.0), Point(46.0, 10.0), Point(45.0, 10.0))",45.0,9.0
1.2997208073633215,-1.1941376510976218,-0.8769117442587514,"Ngon(Point(9.0, 57.0), Point(10.0, 57.0), Point(10.0, 58.0), Point(9.0, 58.0))",9.0,57.0
0.3398136641928708,0.3655848803086866,-0.6432802644627532,"Ngon(Point(0.0, 2.0), Point(1.0, 2.0), Point(1.0, 3.0), Point(0.0, 3.0))",0.0,2.0
0.808746673420174,0.217575245633156,1.5948531235314451,"Ngon(Point(29.0, 38.0), Point(30.0, 38.0), Point(30.0, 39.0), Point(29.0, 39.0))",29.0,38.0
-0.401610801706824,-0.8756777211322702,-1.2248288436423933,"Ngon(Point(50.0, 39.0), Point(51.0, 39.0), Point(51.0, 40.0), Point(50.0, 40.0))",50.0,39.0
-0.5639473371651497,-0.5224397641294345,0.7455554444071624,"Ngon(Point(34.0, 40.0), Point(35.0, 40.0), Point(35.0, 41.0), Point(34.0, 41.0))",34.0,40.0
0.7859498144295107,1.0601527336310983,0.0237732781038842,"Ngon(Point(33.0, 2.0), Point(34.0, 2.0), Point(34.0, 3.0), Point(33.0, 3.0))",33.0,2.0
0.3228019870606577,0.5175828258977748,-0.9802118616805576,"Ngon(Point(12.0, 7.0), Point(13.0, 7.0), Point(13.0, 8.0), Point(12.0, 8.0))",12.0,7.0
-0.1251335938689657,-0.8395031754884528,-1.2619141023522422,"Ngon(Point(11.0, 13.0), Point(12.0, 13.0), Point(12.0, 14.0), Point(11.0, 14.0))",11.0,13.0
-0.1515879349378724,-0.0565758763903632,-1.0363257479607717,"Ngon(Point(50.0, 6.0), Point(51.0, 6.0), Point(51.0, 7.0), Point(50.0, 7.0))",50.0,6.0
0.598348851581293,-1.1342392209622374,0.5995846216778165,"Ngon(Point(25.0, 53.0), Point(26.0, 53.0), Point(26.0, 54.0), Point(25.0, 54.0))",25.0,53.0
0.1772989342814862,-1.234678109585068,-1.049738098146423,"Ngon(Point(56.0, 54.0), Point(57.0, 54.0), Point(57.0, 55.0), Point(56.0, 55.0))",56.0,54.0
-0.2798803693322148,-0.0172577689092471,1.7042984711573304,"Ngon(Point(37.0, 23.0), Point(38.0, 23.0), Point(38.0, 24.0), Point(37.0, 24.0))",37.0,23.0
-1.0601019847806168,-1.878567912264284,-0.7264476525540041,"Ngon(Point(7.0, 16.0), Point(8.0, 16.0), Point(8.0, 17.0), Point(7.0, 17.0))",7.0,16.0
-0.1888723729440176,1.5534873304682384,0.0772886209635701,"Ngon(Point(39.0, 0.0), Point(40.0, 0.0), Point(40.0, 1.0), Point(39.0, 1.0))",39.0,0.0
-1.829836885590512,-0.1741931841533248,-1.2278791999216965,"Ngon(Point(50.0, 2.0), Point(51.0, 2.0), Point(51.0, 3.0), Point(50.0, 3.0))",50.0,2.0
-1.020153094644188,-0.241546328671013,-1.0646979452496004,"Ngon(Point(51.0, 39.0), Point(52.0, 39.0), Point(52.0, 40.0), Point(51.0, 40.0))",51.0,39.0
-0.3622529785632012,1.2849444631791769,0.1655573247418844,"Ngon(Point(44.0, 36.0), Point(45.0, 36.0), Point(45.0, 37.0), Point(44.0, 37.0))",44.0,36.0
0.4285005381479683,-0.3156667522203191,0.512913427291358,"Ngon(Point(46.0, 29.0), Point(47.0, 29.0), Point(47.0, 30.0), Point(46.0, 30.0))",46.0,29.0
0.5470697821295408,-1.5710262358689615,-0.2670186971071884,"Ngon(Point(54.0, 23.0), Point(55.0, 23.0), Point(55.0, 24.0), Point(54.0, 24.0))",54.0,23.0
-0.5514870813745962,-1.0518109015770305,0.3230557148952943,"Ngon(Point(29.0, 55.0), Point(30.0, 55.0), Point(30.0, 56.0), Point(29.0, 56.0))",29.0,55.0
-0.7926788699903434,0.7677286299261092,-0.7281571157243586,"Ngon(Point(53.0, 44.0), Point(54.0, 44.0), Point(54.0, 45.0), Point(53.0, 45.0))",53.0,44.0
-0.6599759101244336,-0.1393097372364728,-0.3052247785217684,"Ngon(Point(16.0, 25.0), Point(17.0, 25.0), Point(17.0, 26.0), Point(16.0, 26.0))",16.0,25.0
0.9635552656133236,0.3191876006258398,1.2378882071905617,"Ngon(Point(35.0, 15.0), Point(36.0, 15.0), Point(36.0, 16.0), Point(35.0, 16.0))",35.0,15.0
1.5771175405761604,0.9131074062021872,0.9579356941292216,"Ngon(Point(10.0, 40.0), Point(11.0, 40.0), Point(11.0, 41.0), Point(10.0, 41.0))",10.0,40.0
1.0285266902195545,0.7637091601275666,-0.478521891822639,"Ngon(Point(9.0, 52.0), Point(10.0, 52.0), Point(10.0, 53.0), Point(9.0, 53.0))",9.0,52.0
-0.5436052765401856,-0.6101449328759359,0.012885390566919,"Ngon(Point(46.0, 48.0), Point(47.0, 48.0), Point(47.0, 49.0), Point(46.0, 49.0))",46.0,48.0
0.3131140315811753,-1.78697189605787,-0.4156825862510924,"Ngon(Point(18.0, 22.0), Point(19.0, 22.0), Point(19.0, 23.0), Point(18.0, 23.0))",18.0,22.0
-0.1678908776743841,0.17874014226384,-0.108531046733191,"Ngon(Point(41.0, 58.0), Point(42.0, 58.0), Point(42.0, 59.0), Point(41.0, 59.0))",41.0,58.0
1.1663110299823571,-0.3272236543496253,-0.4529981326238269,"Ngon(Point(0.0, 18.0), Point(1.0, 18.0), Point(1.0, 19.0), Point(0.0, 19.0))",0.0,18.0
1.2873811509586004,0.8293792864913856,0.97472125313526,"Ngon(Point(22.0, 31.0), Point(23.0, 31.0), Point(23.0, 32.0), Point(22.0, 32.0))",22.0,31.0
-0.7029179182656977,-0.6035600214833491,0.0947375775821895,"Ngon(Point(47.0, 13.0), Point(48.0, 13.0), Point(48.0, 14.0), Point(47.0, 14.0))",47.0,13.0
-0.287903650399,1.2543611096384375,-0.0708884060906132,"Ngon(Point(43.0, 42.0), Point(44.0, 42.0), Point(44.0, 43.0), Point(43.0, 43.0))",43.0,42.0
0.5423285852302495,0.2835170535159999,1.2535716924917513,"Ngon(Point(28.0, 51.0), Point(29.0, 51.0), Point(29.0, 52.0), Point(28.0, 52.0))",28.0,51.0
-0.7509878884573229,1.0283961061125706,-0.3899005888412384,"Ngon(Point(3.0, 48.0), Point(4.0, 48.0), Point(4.0, 49.0), Point(3.0, 49.0))",3.0,48.0
0.0065450224379489,-0.4908126091739715,-1.453640902831473,"Ngon(Point(3.0, 58.0), Point(4.0, 58.0), Point(4.0, 59.0), Point(3.0, 59.0))",3.0,58.0
-0.9652947971214598,-0.5166723776823017,2.1554209117991108,"Ngon(Point(19.0, 41.0), Point(20.0, 41.0), Point(20.0, 42.0), Point(19.0, 42.0))",19.0,41.0
0.2464178738984706,1.197780252599917,-0.6556165187237426,"Ngon(Point(48.0, 51.0), Point(49.0, 51.0), Point(49.0, 52.0), Point(48.0, 52.0))",48.0,51.0
-0.3543725743432113,-1.6419962664707748,-1.648371861104254,"Ngon(Point(18.0, 5.0), Point(19.0, 5.0), Point(19.0, 6.0), Point(18.0, 6.0))",18.0,5.0
-0.2043629391456005,1.5281461531991347,-1.520868612030345,"Ngon(Point(6.0, 3.0), Point(7.0, 3.0), Point(7.0, 4.0), Point(6.0, 4.0))",6.0,3.0
-1.524177841729429,-1.9979533760496664,-0.2690623612349473,"Ngon(Point(4.0, 42.0), Point(5.0, 42.0), Point(5.0, 43.0), Point(4.0, 43.0))",4.0,42.0
0.4608413130721483,1.0661346077683649,1.368513642805422,"Ngon(Point(23.0, 33.0), Point(24.0, 33.0), Point(24.0, 34.0), Point(23.0, 34.0))",23.0,33.0
-0.5072926550073232,-0.674623042758148,-1.0469334858550323,"Ngon(Point(1.0, 59.0), Point(2.0, 59.0), Point(2.0, 60.0), Point(1.0, 60.0))",1.0,59.0
-0.5794743337399663,0.8769954928095461,0.1590416033195539,"Ngon(Point(42.0, 35.0), Point(43.0, 35.0), Point(43.0, 36.0), Point(42.0, 36.0))",42.0,35.0
-0.0824141648892011,0.2675059458503586,-0.9991360813482388,"Ngon(Point(48.0, 39.0), Point(49.0, 39.0), Point(49.0, 40.0), Point(48.0, 40.0))",48.0,39.0
0.2802633373323016,-0.2395807192925651,-0.5262005304642723,"Ngon(Point(55.0, 15.0), Point(56.0, 15.0), Point(56.0, 16.0), Point(55.0, 16.0))",55.0,15.0
1.025752940947631,-0.0763993465298324,-0.4821559667659397,"Ngon(Point(45.0, 40.0), Point(46.0, 40.0), Point(46.0, 41.0), Point(45.0, 41.0))",45.0,40.0
-1.6762373784348426,-0.0397024770598684,-1.1302759065104755,"Ngon(Point(45.0, 55.0), Point(46.0, 55.0), Point(46.0, 56.0), Point(45.0, 56.0))",45.0,55.0
-0.2086064020992376,0.3619164023632639,1.06287744972821,"Ngon(Point(38.0, 30.0), Point(39.0, 30.0), Point(39.0, 31.0), Point(38.0, 31.0))",38.0,30.0
-0.1382449248113317,1.3892197472093173,0.9788287059539752,"Ngon(Point(36.0, 13.0), Point(37.0, 13.0), Point(37.0, 14.0), Point(36.0, 14.0))",36.0,13.0
-0.7316395221829264,-1.7717354561389924,-0.9988152250490632,"Ngon(Point(55.0, 1.0), Point(56.0, 1.0), Point(56.0, 2.0), Point(55.0, 2.0))",55.0,1.0
0.0240324344246546,-0.2518566861148984,0.4918118181232682,"Ngon(Point(43.0, 30.0), Point(44.0, 30.0), Point(44.0, 31.0), Point(43.0, 31.0))",43.0,30.0
1.367612671422277,0.7000443399980795,-0.5741079754095278,"Ngon(Point(29.0, 10.0), Point(30.0, 10.0), Point(30.0, 11.0), Point(29.0, 11.0))",29.0,10.0
0.8755179709300704,0.3202754129797255,-0.0978900941636519,"Ngon(Point(9.0, 31.0), Point(10.0, 31.0), Point(10.0, 32.0), Point(9.0, 32.0))",9.0,31.0
0.7901538068258831,0.9143086874068908,-0.5205228081868042,"Ngon(Point(15.0, 56.0), Point(16.0, 56.0), Point(16.0, 57.0), Point(15.0, 57.0))",15.0,56.0
0.6437991384490372,-0.2948383190245214,0.7790444585861797,"Ngon(Point(10.0, 42.0), Point(11.0, 42.0), Point(11.0, 43.0), Point(10.0, 43.0))",10.0,42.0
-0.3518539515796849,-0.7180163916796857,0.7009880144496881,"Ngon(Point(29.0, 21.0), Point(30.0, 21.0), Point(30.0, 22.0), Point(29.0, 22.0))",29.0,21.0
-0.1871599642855169,-0.3962198940987088,0.6075406036377125,"Ngon(Point(17.0, 31.0), Point(18.0, 31.0), Point(18.0, 32.0), Point(17.0, 32.0))",17.0,31.0
-0.1512662122998136,0.0313980273747622,1.6582100167603389,"Ngon(Point(29.0, 39.0), Point(30.0, 39.0), Point(30.0, 40.0), Point(29.0, 40.0))",29.0,39.0
-0.2534451936196532,-0.9000471089799779,1.5648361597579734,"Ngon(Point(32.0, 43.0), Point(33.0, 43.0), Point(33.0, 44.0), Point(32.0, 44.0))",32.0,43.0
0.4518277029284959,-0.2480660350212802,1.117736976160039,"Ngon(Point(14.0, 47.0), Point(15.0, 47.0), Point(15.0, 48.0), Point(14.0, 48.0))",14.0,47.0
1.1590323330252637,0.2517729990364118,-0.7410298545381008,"Ngon(Point(51.0, 37.0), Point(52.0, 37.0), Point(52.0, 38.0), Point(51.0, 38.0))",51.0,37.0
1.0986325019098055,-1.455267310718963,-0.1961703165214605,"Ngon(Point(47.0, 49.0), Point(48.0, 49.0), Point(48.0, 50.0), Point(47.0, 50.0))",47.0,49.0
-1.022083553595128,1.0742417140013667,2.004582777277333,"Ngon(Point(28.0, 36.0), Point(29.0, 36.0), Point(29.0, 37.0), Point(28.0, 37.0))",28.0,36.0
-1.1926928204796587,-0.7442405821519098,-0.7378981232539935,"Ngon(Point(11.0, 59.0), Point(12.0, 59.0), Point(12.0, 60.0), Point(11.0, 60.0))",11.0,59.0
0.6026210455434491,-0.8838768755811158,-0.2228024556413735,"Ngon(Point(39.0, 55.0), Point(40.0, 55.0), Point(40.0, 56.0), Point(39.0, 56.0))",39.0,55.0
-0.7645815760595318,2.297991043981626,1.659604982067428,"Ngon(Point(40.0, 20.0), Point(41.0, 20.0), Point(41.0, 21.0), Point(40.0, 21.0))",40.0,20.0
2.2538171084610847,1.2828041382742996,-1.160728930510121,"Ngon(Point(17.0, 3.0), Point(18.0, 3.0), Point(18.0, 4.0), Point(17.0, 4.0))",17.0,3.0
-1.497434064759298,0.4484003887749468,0.2205855657954669,"Ngon(Point(35.0, 3.0), Point(36.0, 3.0), Point(36.0, 4.0), Point(35.0, 4.0))",35.0,3.0
0.0324735207959144,0.3160607288131963,-0.5502013210053045,"Ngon(Point(27.0, 7.0), Point(28.0, 7.0), Point(28.0, 8.0), Point(27.0, 8.0))",27.0,7.0
-0.3573614247419835,1.0099809453885316,-0.9986046689077192,"Ngon(Point(59.0, 54.0), Point(60.0, 54.0), Point(60.0, 55.0), Point(59.0, 55.0))",59.0,54.0
-0.6737603943365797,-0.5105754370247348,-0.5604186309996364,"Ngon(Point(45.0, 52.0), Point(46.0, 52.0), Point(46.0, 53.0), Point(45.0, 53.0))",45.0,52.0
-0.1423957522024136,-1.0744452030860223,-0.4081211268291809,"Ngon(Point(44.0, 52.0), Point(45.0, 52.0), Point(45.0, 53.0), Point(44.0, 53.0))",44.0,52.0
-0.2242822939437608,0.6570871277967345,-1.1520197868650992,"Ngon(Point(13.0, 17.0), Point(14.0, 17.0), Point(14.0, 18.0), Point(13.0, 18.0))",13.0,17.0
1.869917947051988,0.8478223984269024,0.6410903344380334,"Ngon(Point(39.0, 11.0), Point(40.0, 11.0), Point(40.0, 12.0), Point(39.0, 12.0))",39.0,11.0
-0.4264985626202765,-1.5279534775855572,-1.0720332306124558,"Ngon(Point(6.0, 15.0), Point(7.0, 15.0), Point(7.0, 16.0), Point(6.0, 16.0))",6.0,15.0
1.1732653014392689,0.4536903560454623,-0.3440278223288968,"Ngon(Point(53.0, 21.0), Point(54.0, 21.0), Point(54.0, 22.0), Point(53.0, 22.0))",53.0,21.0
-1.134204301490712,-0.8803543292759634,0.0104325373772186,"Ngon(Point(56.0, 35.0), Point(57.0, 35.0), Point(57.0, 36.0), Point(56.0, 36.0))",56.0,35.0
1.9521725354253965,1.3585142117449716,1.1353184038224895,"Ngon(Point(26.0, 28.0), Point(27.0, 28.0), Point(27.0, 29.0), Point(26.0, 29.0))",26.0,28.0
0.3620889680527616,-0.0985375780184489,0.8539749216997357,"Ngon(Point(33.0, 15.0), Point(34.0, 15.0), Point(34.0, 16.0), Point(33.0, 16.0))",33.0,15.0
-0.9601826087933818,0.8694360498713225,0.4741191437983331,"Ngon(Point(43.0, 12.0), Point(44.0, 12.0), Point(44.0, 13.0), Point(43.0, 13.0))",43.0,12.0
1.4503609746045896,0.0925308037438028,0.0042525965325919,"Ngon(Point(28.0, 59.0), Point(29.0, 59.0), Point(29.0, 60.0), Point(28.0, 60.0))",28.0,59.0
-0.4147140335927384,-0.4882532770209619,-0.8477324314941556,"Ngon(Point(49.0, 43.0), Point(50.0, 43.0), Point(50.0, 44.0), Point(49.0, 44.0))",49.0,43.0
-0.6418191030604302,-0.4441584559985343,-0.5872498523271076,"Ngon(Point(57.0, 49.0), Point(58.0, 49.0), Point(58.0, 50.0), Point(57.0, 50.0))",57.0,49.0
-0.8642675103882113,-0.1730430755757715,0.4186001408426329,"Ngon(Point(12.0, 34.0), Point(13.0, 34.0), Point(13.0, 35.0), Point(12.0, 35.0))",12.0,34.0
-0.0175257617051416,0.6930252953697001,-1.5147580464616066,"Ngon(Point(54.0, 57.0), Point(55.0, 57.0), Point(55.0, 58.0), Point(54.0, 58.0))",54.0,57.0
0.284537116832442,0.6741595276855411,1.074424390195369,"Ngon(Point(11.0, 38.0), Point(12.0, 38.0), Point(12.0, 39.0), Point(11.0, 39.0))",11.0,38.0
-0.6844764908661155,-0.8405758582454418,-1.5501741999443013,"Ngon(Point(5.0, 12.0), Point(6.0, 12.0), Point(6.0, 13.0), Point(5.0, 13.0))",5.0,12.0
-0.8749310130387774,-0.3123007740079351,-0.9950664132310708,"Ngon(Point(53.0, 46.0), Point(54.0, 46.0), Point(54.0, 47.0), Point(53.0, 47.0))",53.0,46.0
-0.3765955833624433,-0.2951219207917441,-0.1841683408219032,"Ngon(Point(17.0, 25.0), Point(18.0, 25.0), Point(18.0, 26.0), Point(17.0, 26.0))",17.0,25.0
1.955396825912625,-0.2902082897262362,1.098433013554683,"Ngon(Point(24.0, 50.0), Point(25.0, 50.0), Point(25.0, 51.0), Point(24.0, 51.0))",24.0,50.0
1.346016981152589,0.1247251039861809,-1.391841767366387,"Ngon(Point(51.0, 52.0), Point(52.0, 52.0), Point(52.0, 53.0), Point(51.0, 53.0))",51.0,52.0
-0.6137053076877159,0.0568360475269723,0.7433978936684233,"Ngon(Point(46.0, 14.0), Point(47.0, 14.0), Point(47.0, 15.0), Point(46.0, 15.0))",46.0,14.0
1.6554030195775642,0.829585319580039,-1.1315462689430704,"Ngon(Point(54.0, 10.0), Point(55.0, 10.0), Point(55.0, 11.0), Point(54.0, 11.0))",54.0,10.0
-0.0200075319492946,0.6526366284518564,-1.8556128270052452,"Ngon(Point(52.0, 0.0), Point(53.0, 0.0), Point(53.0, 1.0), Point(52.0, 1.0))",52.0,0.0
-1.522896725712232,1.7412639699991048,0.5607330144128377,"Ngon(Point(47.0, 19.0), Point(48.0, 19.0), Point(48.0, 20.0), Point(47.0, 20.0))",47.0,19.0
0.3639683124533342,0.2552087145068109,0.1291281921555014,"Ngon(Point(11.0, 50.0), Point(12.0, 50.0), Point(12.0, 51.0), Point(11.0, 51.0))",11.0,50.0
-0.3691374076841155,0.555762901156716,-0.0862018021979734,"Ngon(Point(29.0, 16.0), Point(30.0, 16.0), Point(30.0, 17.0), Point(29.0, 17.0))",29.0,16.0
-1.0108556310870909,-0.3988750912534229,0.665119321977538,"Ngon(Point(27.0, 21.0), Point(28.0, 21.0), Point(28.0, 22.0), Point(27.0, 22.0))",27.0,21.0
-0.5116509193821877,1.3744095182499765,-0.6296902469902694,"Ngon(Point(51.0, 7.0), Point(52.0, 7.0), Point(52.0, 8.0), Point(51.0, 8.0))",51.0,7.0
-0.1850394176259603,0.1351059732299317,-0.4939752696434294,"Ngon(Point(10.0, 23.0), Point(11.0, 23.0), Point(11.0, 24.0), Point(10.0, 24.0))",10.0,23.0
-0.5228550471920091,0.1000178416608156,-0.8208237179370579,"Ngon(Point(57.0, 50.0), Point(58.0, 50.0), Point(58.0, 51.0), Point(57.0, 51.0))",57.0,50.0
0.179747344451828,1.2748165134631306,1.113090277409431,"Ngon(Point(45.0, 26.0), Point(46.0, 26.0), Point(46.0, 27.0), Point(45.0, 27.0))",45.0,26.0
1.6218337794073612,-0.51561861625429,-0.8249482692460632,"Ngon(Point(58.0, 1.0), Point(59.0, 1.0), Point(59.0, 2.0), Point(58.0, 2.0))",58.0,1.0
-0.5130773664454443,1.1804551212733487,-1.404841192052056,"Ngon(Point(13.0, 15.0), Point(14.0, 15.0), Point(14.0, 16.0), Point(13.0, 16.0))",13.0,15.0
-0.5352470745378877,-1.0906249421886474,-0.3736462087582327,"Ngon(Point(54.0, 32.0), Point(55.0, 32.0), Point(55.0, 33.0), Point(54.0, 33.0))",54.0,32.0
-0.9487810594774924,-0.0515723849553543,0.2911249505898615,"Ngon(Point(33.0, 11.0), Point(34.0, 11.0), Point(34.0, 12.0), Point(33.0, 12.0))",33.0,11.0
-1.9257441874207213,-1.0652891370010142,-0.7378842772371356,"Ngon(Point(43.0, 55.0), Point(44.0, 55.0), Point(44.0, 56.0), Point(43.0, 56.0))",43.0,55.0
0.3313506745275555,0.4305904630788428,1.0488397767552708,"Ngon(Point(38.0, 13.0), Point(39.0, 13.0), Point(39.0, 14.0), Point(38.0, 14.0))",38.0,13.0
0.8995802021351316,0.5722407422385841,0.4301951812043928,"Ngon(Point(43.0, 48.0), Point(44.0, 48.0), Point(44.0, 49.0), Point(43.0, 49.0))",43.0,48.0
0.3668767431168485,-1.5579288188333762,-1.1954352034145237,"Ngon(Point(14.0, 7.0), Point(15.0, 7.0), Point(15.0, 8.0), Point(14.0, 8.0))",14.0,7.0
-0.6749017844288782,1.5149121713035671,-0.6167868013174636,"Ngon(Point(59.0, 51.0), Point(60.0, 51.0), Point(60.0, 52.0), Point(59.0, 52.0))",59.0,51.0
-0.4942073575221349,-2.329873444593323,-0.1831109328194287,"Ngon(Point(0.0, 47.0), Point(1.0, 47.0), Point(1.0, 48.0), Point(0.0, 48.0))",0.0,47.0
-0.5647906209812473,1.1703686975016403,1.1150318296587438,"Ngon(Point(24.0, 30.0), Point(25.0, 30.0), Point(25.0, 31.0), Point(24.0, 31.0))",24.0,30.0
1.7121349564806272,0.7868130442228196,1.140409572292781,"Ngon(Point(34.0, 33.0), Point(35.0, 33.0), Point(35.0, 34.0), Point(34.0, 34.0))",34.0,33.0
-0.0598126238710545,-0.6843834471902595,-1.0308178966844694,"Ngon(Point(57.0, 11.0), Point(58.0, 11.0), Point(58.0, 12.0), Point(57.0, 12.0))",57.0,11.0
-0.1216173819765433,-2.251909956430045,-1.1900831085773276,"Ngon(Point(48.0, 54.0), Point(49.0, 54.0), Point(49.0, 55.0), Point(48.0, 55.0))",48.0,54.0
1.4146605828574592,-0.9883322837518292,0.3527196853412384,"Ngon(Point(38.0, 54.0), Point(39.0, 54.0), Point(39.0, 55.0), Point(38.0, 55.0))",38.0,54.0
0.0333662712563678,1.5512534077027142,0.8205301715872108,"Ngon(Point(46.0, 22.0), Point(47.0, 22.0), Point(47.0, 23.0), Point(46.0, 23.0))",46.0,22.0
-1.0312291184915858,1.2711174949943551,0.933744459092928,"Ngon(Point(23.0, 28.0), Point(24.0, 28.0), Point(24.0, 29.0), Point(23.0, 29.0))",23.0,28.0
-0.2384929434342894,-0.933776119904872,-1.1445708543393445,"Ngon(Point(15.0, 20.0), Point(16.0, 20.0), Point(16.0, 21.0), Point(15.0, 21.0))",15.0,20.0
0.2654522151802021,-0.0710594200150517,1.4870313357080818,"Ngon(Point(31.0, 32.0), Point(32.0, 32.0), Point(32.0, 33.0), Point(31.0, 33.0))",31.0,32.0
