ecoregion,year,Latitude,Longitude,PTP,water,wetland,shrub,dshrub,dec,mixed,spruce,baresnow,GCSP
AP,2005,58.75742949,-154.7185866,175250107,0,0,0,0.946540881,0,0,0,0.05345912,0
LH,2004,60.63280446,-154.1821572,223120207,0.015974441,0,0.220447284,0.763578275,0,0,0,0,0
AP,2006,58.24694484,-154.4818339,160910102,0,0,0,0,0,0,0,1,0
AR,2004,60.39612701,-152.6502971,213640202,0,0,0.958199357,0.009646302,0,0,0,0.032154341,0
LH,2004,60.27328813,-153.9127324,213570203,0,0,0.006329114,0,0.186708861,0.341772152,0.465189873,0,0
AP,2005,58.56409678,-154.5611174,170470103,0,0,0.376205788,0.620578778,0,0,0,0.003215434,0
AP,2005,59.12708525,-154.8346493,184810104,0,0,0.701257862,0.229559748,0,0,0,0.06918239,0
AR,2004,60.97014329,-154.4863751,232670204,0,0,0.107255521,0,0,0.170347003,0.722397476,0,0
AR,2004,61.04707232,-153.2792309,232740203,0.045016077,0.028938907,0.411575563,0,0.025723473,0.032154341,0.45659164,0,0
AP,2005,58.52039044,-156.1299561,172770119,0,0,0.733118971,0.263665595,0.003215434,0,0,0,0
AP,2006,58.21717869,-154.5554242,160910302,0,0,0,0,0,0,0,1,0
AR,2004,61.48192369,-153.0587187,242320104,0,0,0,0.275641026,0,0,0,0.724358974,0
AP,2005,58.42107654,-155.9392334,170390401,0,0,0.667721519,0.015822785,0.316455696,0,0,0,0
LH,2004,60.1720924,-154.3565474,211150103,0,0,0.003164557,0,0,0.268987342,0.727848101,0,0
LH,2004,60.28241954,-153.9439184,213570108,0,0,0,0,0.080128205,0.108974359,0.807692308,0.003205128,0
LH,2004,60.81694004,-153.922537,227920401,0,0,0,0.242811502,0,0,0,0.757188498,0
AP,2006,58.15938271,-154.795109,160890102,0,0,0,0,0,0,0,1,0
AP,2005,58.70139621,-155.5548676,177590207,0.009615385,0.057692308,0.022435897,0,0.384615385,0.240384615,0.28525641,0,0
AR,2006,60.03038325,-152.9082634,204060101,0,0,0.006410256,0.153846154,0,0,0,0.83974359,0
AR,2004,60.75094907,-153.913237,225530101,0,0,0,0,0,0,0,1,0
AR,2004,61.05387314,-153.2617679,232740101,0,0,0.550632911,0,0.063291139,0.003164557,0.091772152,0.291139241,0
AR,2004,60.90821804,-153.9313,230310204,0,0,0.757188498,0,0.108626198,0.108626198,0.025559105,0,0
AP,2005,58.50662895,-156.1407482,172770123,0,0,0.588607595,0.411392405,0,0,0,0,0
AP,2005,58.74174745,-154.788411,175250117,0,0,0.082278481,0.917721519,0,0,0,0,0
AR,2004,60.39765897,-152.6417136,213640203,0.029032258,0,0.970967742,0,0,0,0,0,0
AR,2004,61.05149494,-153.253732,232740102,0.009646302,0,0.710610932,0,0.006430868,0,0.112540193,0.160771704,0
AP,2005,58.83047241,-154.5122745,177650102,0,0,0,0,0,0,0,1,0
AP,2005,58.48718335,-156.1745173,172770107,0,0.016025641,0.810897436,0.173076923,0,0,0,0,0
AP,2005,58.94390345,-155.0383813,182410101,0,0,0,0.768253968,0,0,0,0.231746032,0
AP,2005,59.06738657,-154.8683435,184810201,0,0,0.246056782,0.753943218,0,0,0,0,0
AP,2005,58.42020842,-155.9916632,170390302,0,0.044164038,0.302839117,0.211356467,0,0.157728707,0.277602524,0,0
AP,2005,58.37431817,-155.4750745,168030306,0,0,0.139240506,0,0.155063291,0.208860759,0.496835443,0,0
AR,2004,60.96001343,-154.0007522,232700103,0.012658228,0.056962026,0.860759494,0,0,0,0.069620253,0,0
LH,2004,60.50430167,-153.9651169,218350207,0.095238095,0,0.161904762,0,0,0,0.641269841,0.101587302,0
AP,2005,58.29970264,-155.1068547,165660107,0,0,0,0,0,0,0,1,0
AP,2005,58.41213875,-156.001208,170390304,0,0,0.13015873,0.019047619,0.003174603,0.212698413,0.634920635,0,0
LH,2004,60.85212291,-153.8622801,227920305,0,0,0,0.838607595,0,0,0,0.161392405,0
AP,2005,58.53334651,-154.4205867,168090108,0,0,0.116129032,0.822580645,0,0,0,0.061290323,0
AP,2006,58.22051721,-154.5630772,160910301,0,0,0,0,0,0,0,1,0
AP,2005,59.13564141,-154.8143635,184810101,0,0,0.025316456,0.405063291,0,0,0,0.569620253,0
AP,2005,58.85411918,-155.785693,182360101,0,0,0.342948718,0.602564103,0,0,0,0.054487179,0
LH,2004,60.80834105,-153.9735028,227920104,0,0,0,0.782051282,0,0,0,0.217948718,0
LH,2004,60.01366781,-154.5572352,208750410,0,0,0.512738854,0,0.041401274,0.321656051,0.124203822,0,0
AP,2005,59.01619971,-154.9961902,182410302,0,0,0,1,0,0,0,0,0
LH,2004,60.48583861,-153.8088001,218360202,0.067741935,0,0.580645161,0.003225806,0.148387097,0.022580645,0.177419355,0,0
AR,2004,60.98319392,-153.91978,232700201,0.038461538,0,0.320512821,0,0.041666667,0.169871795,0.429487179,0,0
AP,2005,59.11148066,-155.3363316,187170106,0,0.113924051,0.174050633,0.712025316,0,0,0,0,0
AR,2004,60.11501793,-154.3911908,211150206,0,0,0.304761905,0,0.13015873,0.057142857,0.507936508,0,0
AP,2005,58.54830813,-156.2116421,175160111,0,0,1,0,0,0,0,0,0
AP,2005,58.40829849,-155.9632982,170390405,0,0,0.42721519,0.03164557,0.246835443,0.056962025,0.237341772,0,0
AR,2004,61.04013914,-153.2908334,232740205,0.003194888,0,0.466453674,0,0.031948882,0.038338658,0.345047923,0.115015974,0
AP,2005,58.77188106,-155.2714656,177610203,0,0,0.079113924,0.873417722,0,0,0,0.047468354,0
LH,2004,60.99122378,-154.4796297,232670107,0,0,0.304487179,0.009615385,0.567307692,0.044871795,0.073717949,0,0
AP,2006,58.63411929,-153.7833745,170520302,0,0,0.741100324,0.187702265,0,0,0,0.071197411,0
LH,2004,60.50821854,-153.9117165,218350201,0.060897436,0,0.394230769,0,0,0,0.365384615,0.179487179,0
AR,2004,60.01029585,-154.1178282,206380102,0,0,0,0.584664537,0,0,0,0.415335463,0
LH,2004,60.76891936,-154.3765601,227890306,0.063291139,0,0.433544304,0.503164557,0,0,0,0,0
AP,2005,58.90479684,-155.7671053,182360201,0.03514377,0.060702875,0.111821086,0.060702875,0.003194888,0.054313099,0.674121406,0,0
LH,2004,60.81651365,-153.9433574,227920403,0,0,0,0.816455696,0,0,0,0.183544304,0
LH,2004,60.33837033,-154.1499732,215950209,0,0,0,0,0.025723473,0.07073955,0.903536977,0,0
AP,2005,58.96269081,-155.7202057,184760112,0,0,0.364217252,0.265175719,0,0.019169329,0.3514377,0,0
AR,2004,60.98569877,-153.9390278,232700207,0.164556962,0,0.433544304,0,0.253164557,0.050632911,0.098101266,0,0
LH,2004,60.37423541,-154.1676771,215950109,0.015974441,0,0.102236422,0,0.265175719,0.47284345,0.143769968,0,0
LH,2004,60.00882022,-154.5711067,208750408,0,0,0.658146965,0,0,0.166134185,0.17571885,0,0
AP,2005,58.42506917,-155.9881716,170390301,0,0.01607717,0.282958199,0.234726688,0,0.180064309,0.286173633,0,0
LH,2004,60.76798989,-153.9649039,225530108,0,0,0.269230769,0.692307692,0,0,0,0.038461538,0
AP,2005,58.701935,-155.5201524,177590203,0.152380952,0.003174603,0.00952381,0.117460317,0.057142857,0.101587302,0.501587302,0,0
AP,2006,58.69484785,-154.0127792,172900102,0,0,0,0.041269841,0,0,0,0.958730159,0
AP,2005,58.52727215,-154.3878778,168090104,0,0,0.025396825,0.650793651,0,0,0,0.323809524,0
AR,2004,60.14450387,-153.6065992,208800107,0,0,0.028846154,0.134615385,0,0,0,0.836538462,0
AP,2005,58.39491427,-155.0820745,168050105,0,0,0,0.054140127,0,0,0,0.945859873,0
LH,2004,60.77185295,-154.4132831,227890302,0.159235669,0,0.474522293,0.194267516,0,0,0,0.171974522,0
AP,2005,58.99414114,-155.7461967,184760103,0.057142857,0.003174603,0.038095238,0.098412698,0,0.142857143,0.66031746,0,0
AP,2005,58.40819933,-156.0055726,170390305,0,0.161392405,0.139240506,0.053797468,0,0.079113924,0.566455696,0,0
AP,2005,58.82380343,-154.5259205,177650104,0,0,0,0.060126582,0,0,0,0.939873418,0
AP,2005,58.32193421,-155.0756711,165660202,0,0,0,0,0,0,0,1,0
AP,2005,58.4114635,-155.9572256,170390404,0,0,0.458860759,0.003164557,0.344936709,0.041139241,0.151898734,0,0
AP,2005,58.58298833,-154.6310286,170470402,0,0,0.883280757,0,0.116719243,0,0,0,0
AP,2006,58.1540918,-154.486495,158520403,0,0,0.916129032,0.083870968,0,0,0,0,0
AP,2006,58.21807757,-154.5469397,160910303,0,0,0,0,0,0,0,1,0
AR,2004,60.94410717,-154.4993986,232670209,0,0.119873817,0.410094637,0,0,0,0.470031546,0,0
AP,2005,58.26893561,-155.7372496,165620108,0,0,0.923809524,0.076190476,0,0,0,0,0
AR,2004,59.97335295,-154.073903,206380202,0,0,0.761290323,0,0,0.016129032,0.222580645,0,0
AP,2005,59.09992184,-155.3078157,187170101,0.006349206,0,0.073015873,0.920634921,0,0,0,0,0
AR,2004,60.94859954,-154.5003465,232670208,0,0.094936709,0.439873418,0,0,0,0.465189873,0,0
LH,2004,60.81604603,-153.9638389,227920405,0,0,0,0.746031746,0,0,0,0.253968254,0
LH,2004,60.7810603,-154.4379616,227890102,0,0,0.146964856,0.827476038,0.022364217,0,0,0.003194888,0
AP,2005,58.88328552,-155.8371968,182360403,0,0,0.408227848,0.591772152,0,0,0,0,0
AP,2006,58.29591595,-154.404485,163310301,0,0,0,0.01910828,0,0,0,0.98089172,0
LH,2004,60.79568504,-153.9830022,227920101,0.298412698,0,0.104761905,0.403174603,0.066666667,0,0,0.126984127,0
LH,2004,60.64502645,-154.2639347,223120307,0.080128205,0,0.439102564,0.317307692,0,0,0.163461538,0,0
AP,2006,58.33327484,-154.2936692,163310101,0,0,0.114649682,0.242038217,0,0,0,0.643312102,0
AP,2005,59.11187469,-155.3273479,187170105,0,0,0.21656051,0.770700637,0,0,0.012738854,0,0
AP,2005,58.29484105,-155.8763463,168000101,0.018927445,0,0.012618297,0.757097792,0,0,0,0.211356467,0
AR,2004,60.90399231,-153.9118409,230310201,0,0,0.70096463,0.167202572,0,0.106109325,0.025723473,0,0
AP,2005,58.31118643,-155.937549,168000109,0,0,0.271565495,0.728434505,0,0,0,0,0
AP,2005,58.48784183,-156.1490613,172770110,0,0,1,0,0,0,0,0,0
AR,2004,60.28395317,-153.927157,213570106,0,0,0.092651757,0,0.003194888,0.313099042,0.591054313,0,0
AP,2005,58.79437247,-155.2777576,177610208,0,0,0.261980831,0.738019169,0,0,0,0,0
AR,2004,60.72237206,-153.9463918,225530203,0,0,0,0,0,0,0,1,0
LH,2004,60.48514257,-153.7901112,218360301,0,0,0.624203822,0.076433121,0.251592357,0.047770701,0,0,0
LH,2004,60.37671293,-154.1058373,215950102,0,0,0.24522293,0.334394904,0,0,0.117834395,0.302547771,0
LH,2004,60.86689845,-153.8876829,227920201,0,0,0.009493671,0.990506329,0,0,0,0,0
AP,2005,58.54665488,-156.1998873,175160109,0.025477707,0,0.792993631,0.181528662,0,0,0,0,0
AR,2004,60.38326724,-152.6008577,213640403,0,0,0.685714286,0.050793651,0,0,0.044444444,0.219047619,0
AR,2004,60.99216356,-153.9366415,232700205,0,0,0.791666667,0,0,0.019230769,0.189102564,0,0
AP,2005,58.7697731,-154.7260253,175250104,0,0,0,0.268987342,0,0,0,0.731012658,0
AR,2004,61.43454675,-153.0436223,242320101,0,0,0,0.009646302,0,0,0,0.990353698,0
AR,2004,60.73073762,-153.0452981,223180202,0,0,0,0.71884984,0,0,0,0.28115016,0
LH,2004,60.50169541,-153.8422749,218360103,0,0,0.984025559,0,0,0.015974441,0,0,0
AP,2005,58.53149772,-154.3947158,168090105,0,0,0,0.852564103,0,0,0,0.147435897,0
LH,2004,60.50422758,-153.955791,218350206,0.019230769,0,0.176282051,0,0,0,0.602564103,0.201923077,0
AR,2004,60.30276124,-153.9327224,213570102,0,0,0.440514469,0,0.430868167,0.080385852,0.048231511,0,0
LH,2004,60.5021337,-153.9465077,218350205,0.044303797,0,0.044303797,0,0,0,0.797468354,0.113924051,0
LH,2004,60.33438507,-154.1448264,215950210,0.034810127,0,0,0,0.047468354,0.091772152,0.825949367,0,0
AP,2005,58.79886735,-155.2780548,177610209,0,0,0.041533546,0.958466454,0,0,0,0,0
AR,2004,60.27583052,-153.9046368,213570212,0,0,0.003154574,0,0.38170347,0.406940063,0.208201893,0,0
LH,2004,60.37902516,-154.1319204,215950105,0,0,0.528481013,0.180379747,0.10443038,0.113924051,0.07278481,0,0
AR,2004,60.71009106,-153.0520847,223180107,0,0,0.924050633,0.037974684,0.034810127,0.003164557,0,0,0
AP,2006,58.73641027,-153.9941106,172900207,0,0,1,0,0,0,0,0,0
AP,2005,58.70100377,-155.5288135,177590204,0.089456869,0.047923323,0.156549521,0.191693291,0.031948882,0.038338658,0.437699681,0,0
LH,2004,60.78968871,-154.4324768,227890104,0,0,0.649681529,0.292993631,0.01910828,0.038216561,0,0,0
AR,2004,60.46255133,-153.4461865,215990202,0.015974441,0,0.686900958,0.146964856,0,0,0.022364217,0.127795527,0
AP,2005,58.74645238,-154.7897602,175250118,0,0,0.121405751,0.878594249,0,0,0,0,0
LH,2004,60.50378015,-153.9377054,218350204,0,0,0.06031746,0,0,0,0.93968254,0,0
AP,2006,58.6185851,-153.7885672,170520105,0,0,1,0,0,0,0,0,0
LH,2004,60.1733771,-154.3451533,211150403,0,0,0.041533546,0,0.086261981,0.329073482,0.54313099,0,0
LH,2004,60.37334885,-154.1766071,215950110,0,0,0,0,0.376582278,0.496835443,0.126582278,0,0
LH,2004,60.03061468,-154.5848232,208750403,0,0,0.336507937,0,0.025396825,0.111111111,0.526984127,0,0
AR,2004,60.9923856,-153.9177113,232700203,0,0,0.61414791,0,0.273311897,0.064308682,0.048231511,0,0
AR,2004,60.55065435,-152.900582,218410108,0.034700315,0,0.876971609,0.015772871,0,0,0.059936909,0.012618297,0
AR,2004,60.96143089,-154.0191756,232700105,0.259493671,0.205696203,0.509493671,0,0,0,0.025316456,0,0
AR,2004,60.98783028,-153.9190385,232700202,0,0,0.231746032,0,0.041269841,0.457142857,0.26984127,0,0
AP,2006,58.30124944,-154.3820905,163310309,0,0,0.23659306,0.264984227,0,0,0,0.498422713,0
LH,2004,60.34001771,-154.1587727,215950208,0,0,0,0,0.428115016,0.21086262,0.361022364,0,0
AP,2005,58.37677734,-155.4827873,168030307,0,0.135048232,0.202572347,0.1414791,0.154340836,0.08681672,0.279742765,0,0
AR,2004,60.98432262,-153.9300625,232700208,0.157051282,0,0.288461538,0,0.112179487,0.269230769,0.173076923,0,0
LH,2004,60.6322267,-154.2004361,223120209,0.08974359,0,0.362179487,0.512820513,0,0,0.03525641,0,0
LH,2004,60.34354323,-154.1646957,215950207,0,0,0,0,0.166666667,0.185897436,0.647435897,0,0
LH,2004,60.81460736,-154.3978352,227890503,0,0,0.812101911,0.121019108,0,0,0.066878981,0,0
LH,2004,60.2682962,-153.89727,213570205,0,0,0.015974441,0,0.293929712,0.063897764,0.626198083,0,0
AP,2005,58.31642621,-155.1345351,165660102,0,0,0,0.019292605,0,0,0,0.980707396,0
LH,2004,60.78531512,-154.4347757,227890103,0,0,0.254716981,0.562893082,0,0.128930818,0,0.05345912,0
AP,2005,58.3031559,-155.9066338,168000105,0.029032258,0,0,0.938709677,0,0,0,0.032258065,0
LH,2004,60.3517937,-154.1721581,215950205,0,0,0,0,0.687697161,0.233438486,0.078864353,0,0
AP,2005,58.7026571,-155.5114879,177590202,0,0.029032258,0,0.041935484,0.148387097,0.287096774,0.483870968,0,0
AP,2005,58.81041996,-155.2564892,177610303,0,0.032051282,0.051282051,0.916666667,0,0,0,0,0
AR,2004,60.14637589,-153.5981037,208800106,0,0,0,0.719242902,0,0,0,0.280757098,0
AP,2006,58.73141499,-154.0072064,172900209,0,0,0.060702875,0.686900958,0,0,0,0.252396166,0
LH,2004,60.36927944,-154.1807747,215950202,0,0,0.025396825,0,0.041269841,0.457142857,0.476190476,0,0
AP,2005,58.29662078,-155.100284,165660108,0,0,0,0,0,0,0,1,0
AP,2005,58.68463039,-154.3449981,172880102,0,0,0.003164557,0.243670886,0,0,0,0.753164557,0
AP,2005,59.0741376,-154.8751277,184810203,0,0,0.398713826,0.601286174,0,0,0,0,0
LH,2004,60.27386866,-153.9219224,213570202,0.015873016,0,0.041269841,0,0.073015873,0.053968254,0.79047619,0.025396825,0
LH,2004,60.79395653,-154.4295606,227890105,0,0,0.663492063,0.155555556,0,0.095238095,0.085714286,0,0
AP,2005,58.38136861,-155.4978505,168030309,0.063694268,0,0.315286624,0.27388535,0.181528662,0,0.165605096,0,0
AP,2005,58.95372855,-155.7254043,184760114,0,0.028753994,0.399361022,0.428115016,0,0,0.143769968,0,0
AP,2005,58.31909032,-155.1416067,165660101,0,0,0,0,0,0,0,1,0
AP,2006,58.29574412,-154.3959015,163310203,0,0,0.022012579,0.191823899,0,0,0,0.786163522,0
AP,2005,59.01795924,-154.9881757,182410301,0,0,0.03164557,0.96835443,0,0,0,0,0
AP,2005,58.43085051,-154.7136033,168070202,0,0,0.019047619,0.695238095,0,0,0,0.285714285,0
LH,2004,60.55241313,-153.8021907,220750109,0,0,0.696202532,0.297468354,0,0.006329114,0,0,0
AR,2006,59.93534773,-152.9136184,201670201,0.217252396,0,0.642172524,0,0,0,0.14057508,0,0
AR,2004,60.41318972,-152.5489531,213640106,0.044444444,0,0.650793651,0,0,0,0.076190476,0.228571429,0
AP,2005,58.8108725,-155.2653197,177610302,0,0.073248408,0.085987261,0.840764331,0,0,0,0,0
AP,2005,58.48976623,-156.140688,172770111,0,0,0.73968254,0.26031746,0,0,0,0,0
AR,2004,60.91256591,-153.9283518,230310205,0,0,0.53164557,0,0.003164557,0,0.465189873,0,0
AP,2005,59.08085737,-154.894868,184810206,0,0,0.908227848,0.022151899,0.069620253,0,0,0,0
AP,2005,58.26264113,-155.7377395,165620212,0,0,0.974358974,0.025641026,0,0,0,0,0
LH,2004,60.63327972,-154.2275955,223120301,0,0,0.525477707,0.302547771,0,0.140127389,0.031847134,0,0
AR,2004,60.04946876,-154.4545992,208750204,0,0,0.703821656,0.270700637,0,0,0.025477707,0,0
AP,2005,59.06959277,-154.8761122,184810202,0.022292994,0,0.175159236,0.802547771,0,0,0,0,0
AP,2006,58.24666673,-154.4906793,160910101,0,0,0,0,0,0,0,1,0
AP,2006,58.69775101,-154.0214523,172900101,0,0,0.078864353,0.23659306,0,0,0,0.684542587,0
AP,2005,58.30881536,-155.9299905,168000108,0,0,0.082018927,0.917981073,0,0,0,0,0
AP,2005,58.94406974,-155.0470395,182410102,0,0,0,0.814696486,0,0,0,0.185303514,0
LH,2004,60.17747509,-154.3489674,211150402,0,0,0.03514377,0,0.134185304,0.277955272,0.552715655,0,0
AP,2006,58.30238091,-154.4075804,163310201,0,0,0.099678457,0.170418006,0,0,0,0.729903537,0
AR,2004,60.96149669,-154.4911398,232670206,0,0,0.237341772,0,0,0,0.762658228,0,0
LH,2004,60.45821713,-153.7912295,218360405,0.223974763,0,0,0.009463722,0.192429022,0.110410095,0.116719243,0.347003155,0
AP,2006,58.17195648,-154.8091028,160890202,0,0,0.111821086,0,0,0,0,0.888178914,0
AP,2005,59.21389997,-155.4201294,189560301,0.101265823,0,0.477848101,0.420886076,0,0,0,0,0
AP,2005,58.98957191,-155.7469921,184760104,0.075949367,0.028481013,0.21835443,0.03164557,0.060126582,0.094936709,0.490506329,0,0
AP,2005,58.38217378,-155.0904001,168050102,0,0,0,0,0,0,0,1,0
AP,2005,58.64858687,-154.9667127,172840402,0,0,0,0.903536977,0,0,0,0.096463023,0
LH,2004,60.38110362,-154.1229738,215950104,0,0,0.5,0.124203822,0.184713376,0.108280255,0.082802548,0,0
AR,2004,60.05063963,-154.5386605,208750302,0,0,0.401273885,0.598726115,0,0,0,0,0
AP,2005,58.30198545,-155.1144721,165660106,0,0,0,0,0,0,0,1,0
AP,2005,58.98553661,-155.7426638,184760105,0.003164557,0.025316456,0.363924051,0.155063291,0.088607595,0.037974684,0.300632911,0,0
LH,2004,60.8431205,-153.8403146,227920302,0,0,0,0.412140575,0,0,0,0.587859425,0
AP,2005,58.31243307,-155.1297668,165660103,0,0,0,0,0,0,0,1,0
AP,2006,58.2450036,-154.4737983,160910103,0,0,0.003194888,0,0,0,0,0.996805112,0
AP,2005,58.82729215,-154.5189289,177650103,0,0,0,0.019230769,0,0,0,0.980769231,0
AR,2004,60.90371562,-153.9308262,230310203,0,0,0.455696203,0.234177215,0.006329114,0.189873418,0.113924051,0,0
AP,2005,58.62452745,-155.0489707,172840201,0.009493671,0,0.39556962,0,0.594936709,0,0,0,0
AP,2005,58.30573115,-155.0947043,165660206,0,0,0,0.041269841,0,0,0,0.958730159,0
AP,2005,58.70192838,-155.5462547,177590206,0,0,0.094936709,0.110759494,0.287974684,0.155063291,0.351265823,0,0
AR,2004,60.93959369,-154.498732,232670210,0.015822785,0.06329114,0.272151899,0,0,0,0.648734177,0,0
AP,2006,58.69948153,-154.0113217,172900103,0,0,0,0.103225806,0,0,0,0.896774194,0
AP,2005,58.68870199,-154.3413396,172880103,0,0,0,0.734177215,0,0,0,0.265822785,0
AR,2006,60.12582975,-152.8732744,206450204,0,0,0.544871795,0.371794872,0,0,0,0.083333333,0
AP,2005,58.80772811,-155.2716006,177610301,0.258785942,0.089456869,0.015974441,0.635782748,0,0,0,0,0
LH,2004,60.45392501,-153.7898407,218360406,0.272435897,0,0.019230769,0,0.092948718,0.080128205,0.298076923,0.237179487,0
AP,2005,58.99868731,-155.7441247,184760102,0,0,0.03164557,0.041139241,0,0.015822785,0.911392405,0,0
AP,2005,58.74811962,-154.7475986,175250111,0,0,0.022222222,0.752380952,0,0,0,0.225396826,0
AP,2005,58.88702452,-155.8056487,182360504,0,0.1197411,0.449838188,0.1197411,0,0,0.310679612,0,0
LH,2004,60.63722366,-154.156137,223120204,0,0,0.73968254,0.222222222,0,0.038095238,0,0,0
LH,2004,60.63688754,-154.271918,223120309,0,0,0.708333333,0.291666667,0,0,0,0,0
LH,2004,60.17216465,-154.3747648,211150101,0,0,0.006430868,0,0.019292605,0.122186495,0.852090032,0,0
AP,2005,59.22177494,-155.5146504,189560102,0.047923323,0.038338658,0.14057508,0.025559105,0,0.092651757,0.654952077,0,0
AP,2005,59.2179662,-155.4416407,189560203,0,0,0.303797468,0.696202532,0,0,0,0,0
LH,2004,60.90160003,-153.8561024,230310106,0.082802548,0,0.130573248,0.742038217,0,0,0,0.044585987,0
AP,2005,58.75329813,-154.7230047,175250108,0,0,0,0.706070288,0,0,0,0.293929712,0
LH,2004,60.64612004,-154.2531904,223120305,0.067307692,0,0.490384615,0.426282051,0,0,0.016025641,0,0
AP,2005,58.45459342,-154.7379632,168070208,0,0,0.287974684,0,0.712025316,0,0,0,0
LH,2004,60.81678816,-153.9321977,227920402,0,0,0,0.261146497,0,0,0,0.738853503,0
AP,2005,58.77635381,-155.273375,177610204,0,0,0.03525641,0.926282051,0,0,0,0.038461538,0
AP,2005,58.91013443,-155.7551802,182360204,0,0,0.290734824,0.226837061,0.006389776,0.028753994,0.424920128,0,0
AP,2005,59.22085762,-155.4483248,189560202,0.053797468,0,0.094936709,0.851265823,0,0,0,0,0
LH,2004,60.6432463,-154.2459598,223120304,0.050955414,0,0.350318471,0.506369427,0,0,0.092356688,0,0
LH,2004,60.90063058,-153.9030633,230310112,0,0,0.528846154,0.445512821,0,0,0,0.025641026,0
AP,2005,58.87992203,-155.8313871,182360404,0,0,0.564102564,0.419871795,0.016025641,0,0,0,0
AP,2005,58.56332313,-154.569565,170470102,0,0,0.463258786,0.466453674,0,0,0,0.07028754,0
AP,2005,58.65037858,-154.9745716,172840401,0,0,0,0.766773163,0,0,0,0.233226837,0
AR,2004,60.72362959,-153.9568207,225530204,0,0,0.003194888,0.226837061,0,0,0,0.769968051,0
AP,2005,58.743986,-154.7513558,175250112,0,0,0,0.945337621,0,0,0,0.054662379,0
AP,2005,58.48565751,-156.1569473,172770109,0,0,0.850318471,0.149681529,0,0,0,0,0
AP,2005,58.70368422,-155.5030182,177590201,0.006389776,0,0.015974441,0,0.313099042,0.223642173,0.424920128,0,0
LH,2004,60.01251438,-154.5765283,208750407,0.003154574,0,0.488958991,0,0.031545741,0.135646688,0.340694006,0,0
AR,2004,60.72032754,-153.1098279,223180303,0,0,0,0.446202532,0,0,0,0.553797468,0
AR,2006,60.01891882,-152.8694779,204060201,0.006349206,0,0.977777778,0,0,0,0.015873016,0,0
LH,2004,60.4724004,-153.7741002,218360401,0.329073482,0,0,0,0.051118211,0.019169329,0.348242812,0.252396166,0
AP,2005,58.54408608,-154.5776527,170470301,0,0,0.246794872,0.679487179,0,0,0,0.073717949,0
AP,2005,58.51404685,-156.1456786,172770121,0,0,0.920127796,0.079872204,0,0,0,0,0
AP,2005,58.76309146,-155.2666407,177610201,0,0,0.015822785,0.949367089,0,0,0,0.034810127,0
AP,2005,58.76646099,-155.1796823,177610103,0,0,0,0.92721519,0,0,0,0.07278481,0
AP,2005,59.01618898,-154.9546427,182410202,0,0,0,0.936908517,0,0,0,0.063091482,0
LH,2004,60.17141288,-154.3819099,211150301,0.337620579,0,0.083601286,0,0,0,0.578778135,0,0
AP,2005,58.41580507,-155.9944838,170390303,0,0.015822785,0.113924051,0.018987342,0.018987342,0.303797468,0.528481013,0,0
LH,2004,60.76175166,-153.9390763,225530105,0,0,0,0.217665615,0,0,0,0.782334385,0
AP,2005,59.22161937,-155.5232496,189560101,0,0,0.473015873,0.415873016,0,0.00952381,0.101587302,0,0
AR,2004,60.9607616,-153.9914782,232700102,0.262658228,0.018987342,0.607594937,0,0,0,0.110759494,0,0
AP,2006,58.70506707,-154.0092718,172900104,0,0,0,0.196141479,0,0,0,0.803858521,0
AR,2004,60.70038213,-153.0416373,223180110,0,0,0.945859873,0,0,0.041401274,0,0.012738854,0
LH,2004,60.90133726,-153.8938621,230310111,0,0,0.648734177,0.303797468,0,0.025316456,0,0.022151899,0
AR,2004,59.97301533,-154.0645081,206380203,0,0,0.867088608,0,0,0.018987342,0.113924051,0,0
AR,2004,60.72293641,-153.0509801,223180204,0,0,0.233974359,0.766025641,0,0,0,0,0
LH,2004,60.76624654,-153.9563682,225530107,0,0,0.041533546,0.817891374,0,0,0,0.14057508,0
LH,2004,60.57898242,-153.766981,220750209,0.022292994,0,0.751592357,0.054140127,0,0,0.098726115,0.073248408,0
AR,2004,60.96586609,-154.4889187,232670205,0,0,0.228571429,0,0,0.003174603,0.768253968,0,0
AR,2006,60.02882078,-152.8720074,204060301,0,0,0.984177215,0,0,0,0,0.015822785,0
LH,2004,60.81610043,-153.9538795,227920404,0,0,0,0.800632911,0,0,0,0.199367089,0
LH,2004,60.62611118,-154.2696432,223120401,0.056962025,0,0.71835443,0.17721519,0.009493671,0,0.037974684,0,0
LH,2004,60.01747881,-154.5623999,208750411,0,0.009493671,0.544303797,0,0,0.085443038,0.360759494,0,0
AP,2005,59.21521962,-155.4118575,189560302,0.21221865,0,0.302250804,0.485530547,0,0,0,0,0
LH,2004,60.81785887,-154.38051,227890501,0.019169329,0,0.559105431,0.019169329,0,0,0.402555911,0,0
AP,2005,58.31028571,-155.0915112,165660205,0,0,0,0.070512821,0,0,0,0.929487179,0
AP,2005,58.76212779,-154.7191809,175250106,0,0,0,0.453674121,0,0,0,0.546325878,0
AP,2005,59.23000932,-155.4033817,189560403,0.038585209,0,0.176848875,0.784565916,0,0,0,0,0
AR,2004,61.47963912,-153.0505837,242320103,0,0,0,0.303797468,0,0,0,0.696202532,0
AP,2005,58.37798953,-155.0934095,168050101,0,0,0,0,0,0,0,1,0
AP,2005,58.6471653,-154.9584354,172840403,0,0,0.126582278,0.873417722,0,0,0,0,0
AR,2004,60.04258177,-154.547449,208750304,0,0,0.224358974,0.775641026,0,0,0,0,0
AR,2006,60.06548792,-152.8973246,206450102,0,0,1,0,0,0,0,0,0
AR,2006,60.01590771,-152.8626473,204060202,0,0,0.965189873,0,0,0,0.034810127,0,0
AR,2004,60.55743758,-152.8491841,218410114,0.018987342,0,0.534810127,0,0,0,0.186708861,0.259493671,0
AP,2005,58.75782846,-154.7724047,175250122,0.172523962,0,0,0.811501597,0,0,0,0.015974441,0
AR,2006,60.02502831,-152.8770221,204060302,0,0,0.729903537,0.215434084,0,0,0,0.054662379,0
LH,2004,60.63297487,-154.2760414,223120310,0,0,0.692063492,0.307936508,0,0,0,0,0
AP,2005,58.30126687,-155.0973218,165660207,0,0,0,0,0,0,0,1,0
AR,2004,60.38005748,-152.6170756,213640401,0,0,0.118589744,0.407051282,0,0,0,0.474358974,0
AP,2005,59.01520729,-154.9462957,182410201,0,0,0.018927445,0.602523659,0,0,0,0.378548896,0
AR,2006,60.12127125,-152.8899294,206450202,0,0,0.208201893,0.312302839,0,0,0,0.479495268,0
AP,2005,58.74121444,-154.758371,175250113,0,0,0.060897436,0.939102564,0,0,0,0,0
AR,2004,60.72059275,-153.1000597,223180302,0,0,0,0.352380952,0,0,0,0.631746032,0
AP,2005,58.73820852,-154.7826366,175250116,0,0,0.101587302,0.898412698,0,0,0,0,0
LH,2004,60.8990951,-153.8482614,230310105,0.147798742,0,0.493710692,0.355345912,0,0,0,0.003144654,0
LH,2004,60.16683544,-154.3815598,211150302,0,0,0.332278481,0,0,0.056962025,0.610759494,0,0
AP,2006,58.72205727,-153.9988786,172900203,0,0,0,0.048076923,0,0,0,0.951923077,0
LH,2004,60.64132442,-154.152135,223120203,0,0,0.622222222,0.288888889,0.028571429,0.057142857,0,0.003174603,0
AP,2005,58.49730575,-156.1248935,172770113,0,0,0.560126582,0.439873418,0,0,0,0,0
AP,2005,58.75050277,-154.7399063,175250110,0,0,0,0.821086262,0,0,0,0.178913738,0
AP,2005,59.11074976,-155.3451243,187170107,0,0,0.400630915,0.599369085,0,0,0,0,0
LH,2004,60.02666655,-154.5642161,208750413,0,0,0.987261147,0,0,0,0.012738854,0,0
AP,2005,58.50208822,-156.1246423,172770114,0,0,0.601910828,0.398089172,0,0,0,0,0
AR,2004,60.75543556,-153.9141372,225530102,0,0,0,0.015822785,0,0,0,0.984177215,0
LH,2004,60.48839064,-153.8013717,218360203,0.041139241,0,0.851265823,0.003164557,0,0.041139241,0.063291139,0,0
AP,2006,58.71950665,-154.0060001,172900202,0,0,0,0.015772871,0,0,0,0.984227129,0
AP,2005,58.82040046,-154.5337881,177650105,0.044444444,0,0,0.126984127,0,0,0,0.828571429,0
AP,2005,59.01953101,-154.980113,182410205,0,0,0.048076923,0.778846154,0,0,0,0.173076923,0
AP,2005,59.2219787,-155.5058474,189560103,0,0,0.259493671,0.268987342,0,0.205696203,0.265822785,0,0
LH,2004,60.61583748,-154.1090977,223120103,0,0,0.009463722,0.807570978,0,0,0,0.1829653,0
LH,2004,60.26581289,-153.8896197,213570206,0.083067093,0,0.057507987,0.009584665,0.076677316,0.121405751,0.552715655,0.099041534,0
LH,2004,60.49228907,-153.7962931,218360204,0,0,0.977707006,0,0,0.022292994,0,0,0
LH,2004,60.27619489,-153.9306845,213570201,0,0,0,0,0.03525641,0.112179487,0.852564103,0,0
LH,2004,60.75671649,-153.9234561,225530103,0,0,0.015923567,0.156050955,0,0,0,0.828025478,0
AR,2004,60.11695867,-154.399403,211150207,0,0,0.428571429,0,0.104761905,0.219047619,0.247619048,0,0
AP,2006,58.7363112,-154.0067333,172900208,0,0,0.649517685,0.295819936,0,0,0,0.054662379,0
LH,2004,60.27107455,-153.9046858,213570204,0,0,0,0,0.092948718,0.134615385,0.772435897,0,0
AP,2005,59.13173636,-154.8196452,184810102,0,0,0,0.86031746,0,0,0,0.13968254,0
LH,2004,60.76940727,-154.3669286,227890401,0,0,0.519230769,0.432692308,0,0,0.048076923,0,0
AP,2005,58.95832434,-155.7228155,184760113,0,0.003154574,0.482649842,0.488958991,0,0,0.025236593,0,0
AP,2006,58.7205818,-154.022751,172900212,0.028571429,0,0,0.244444444,0,0,0,0.726984127,0
LH,2004,60.76339158,-154.3531746,227890403,0,0,0.016129032,0.703225806,0,0.258064516,0,0.022580645,0
LH,2004,60.15796655,-154.3781477,211150304,0,0,0.568690096,0,0.057507987,0.191693291,0.182108626,0,0
LH,2004,60.75952694,-153.9308122,225530104,0,0,0,0.182692308,0,0,0,0.817307692,0
LH,2004,60.64913526,-154.2602289,223120306,0.019047619,0,0.368253968,0.60952381,0,0,0.003174603,0,0
LH,2004,60.77031487,-154.3948889,227890304,0.139240506,0,0.284810127,0.534810127,0,0,0,0.041139241,0
LH,2004,60.47893686,-153.7687983,218360304,0.624203822,0,0,0,0.02866242,0.01910828,0.321656051,0.006369427,0
AR,2004,60.93591252,-154.4952005,232670211,0.003164557,0.079113924,0.082278481,0,0,0.015822785,0.819620253,0,0
AR,2004,60.15261931,-153.6105499,208800104,0,0,0,0.596214511,0,0,0,0.403785489,0
LH,2004,60.61583052,-154.1182939,223120102,0,0,0.044871795,0.769230769,0,0,0,0.185897436,0
AR,2004,60.90355134,-153.9215164,230310202,0,0,0.583870968,0.061290323,0,0.209677419,0.14516129,0,0
AP,2005,58.68044615,-154.3480612,172880101,0,0,0,0.03525641,0,0,0,0.96474359,0
AP,2005,58.83405718,-154.5055739,177650101,0,0,0.044585987,0.24522293,0,0,0,0.710191083,0
AR,2004,60.27140144,-153.8889744,213570210,0,0,0.105769231,0.016025641,0.477564103,0.198717949,0.201923077,0,0
AR,2004,60.42019975,-153.3650777,215990303,0,0,0.958990536,0.009463722,0,0,0,0.031545741,0
LH,2004,60.34795387,-154.1671738,215950206,0,0,0,0,0.664556962,0.132911392,0.202531646,0,0
AR,2004,60.29431857,-153.9286449,213570104,0,0,0.253968254,0,0.466666667,0.244444444,0.034920635,0,0
AP,2005,58.75650681,-154.7636162,175250123,0.209003215,0,0.054662379,0.697749196,0,0,0,0.038585209,0
LH,2004,60.85505415,-153.8704512,227920306,0,0,0,1,0,0,0,0,0
AP,2005,59.07006064,-154.9127523,184810304,0,0,0.955271566,0.044728435,0,0,0,0,0
LH,2004,60.90138445,-153.8774326,230310109,0,0,0.450160772,0.408360129,0,0,0.012861736,0.128617363,0
AR,2004,60.39474651,-152.6589664,213640201,0,0,0.569620253,0.405063291,0,0,0,0.025316456,0
AP,2005,58.77102762,-155.1790014,177610104,0,0,0,0.803797468,0,0,0,0.196202532,0
AR,2004,60.28475951,-153.9361221,213570107,0,0,0.006369427,0,0.057324841,0.159235669,0.777070064,0,0
AP,2005,58.77291941,-154.7325138,175250103,0,0,0,0.17721519,0,0,0,0.82278481,0
AP,2005,58.94424677,-155.0557835,182410103,0,0,0.003215434,0.961414791,0,0,0,0.035369775,0
AR,2006,60.0276044,-152.9011618,204060102,0,0,0.018927445,0.246056782,0,0,0,0.735015773,0
AP,2005,59.06923763,-154.9040179,184810303,0,0,0.793650794,0.155555556,0,0,0,0.050793651,0
AP,2005,58.71307254,-154.3703557,172880205,0,0,0.971153846,0,0.028846154,0,0,0,0
AP,2006,58.71016318,-154.0114353,172900105,0,0,0,0.435897436,0,0,0,0.564102564,0
LH,2004,60.48207932,-153.8143057,218360201,0,0,0.218649518,0.327974277,0.144694534,0.041800643,0.266881029,0,0
AP,2005,59.12841981,-154.8259461,184810103,0,0,0,0.974276527,0,0,0,0.025723473,0
AR,2004,60.7194031,-153.9334634,225530201,0,0,0,0,0,0,0,1,0
AR,2004,60.45939353,-153.4397023,215990201,0,0,0.607028754,0.21086262,0.003194888,0,0.015974441,0.162939297,0
AP,2006,58.72643765,-154.0095521,172900210,0,0,0,0.436305732,0,0,0,0.563694268,0
AR,2004,61.05023372,-153.2447243,232740103,0.15755627,0.035369775,0.450160772,0,0,0.025723473,0.260450161,0.07073955,0
LH,2004,60.01680901,-154.5799521,208750406,0.003194888,0.047923322,0.559105431,0,0,0.038338658,0.3514377,0,0
LH,2004,60.79819065,-154.4264202,227890106,0,0,0.71884984,0.137380192,0,0.060702875,0.083067093,0,0
AP,2005,58.62159848,-155.0419433,172840106,0.123809524,0,0.171428571,0,0.695238095,0,0.00952381,0,0
LH,2004,60.63584299,-154.1648821,223120205,0,0,0.596214511,0.403785489,0,0,0,0,0
LH,2004,60.36479504,-154.1793671,215950201,0,0,0,0,0.154574132,0.539432177,0.305993691,0,0
AP,2005,58.55224896,-156.2073283,175160112,0,0,1,0,0,0,0,0,0
LH,2004,60.76629365,-154.3602294,227890402,0,0,0.414012739,0.585987261,0,0,0,0,0
AP,2005,58.30822527,-155.9206242,168000107,0.012658228,0,0.14556962,0.841772152,0,0,0,0,0
AR,2004,60.97441102,-154.4831718,232670203,0,0,0.434920635,0,0.085714286,0.047619048,0.431746032,0,0
AP,2005,58.42725635,-154.7084803,168070201,0,0,0.015822785,0.417721519,0,0,0,0.566455697,0
LH,2004,60.03506899,-154.5807189,208750402,0,0,0.878594249,0,0,0.083067093,0.038338658,0,0
AP,2005,58.58635778,-154.6374772,170470403,0,0,0.632911392,0,0.367088608,0,0,0,0
AP,2005,59.11385617,-155.3899693,187170112,0,0,0.335443038,0.664556962,0,0,0,0,0
AP,2005,58.90556395,-155.7585169,182360202,0,0,0.149681529,0.101910828,0.047770701,0.060509554,0.605095541,0,0
AR,2004,60.71390256,-153.0469119,223180101,0,0,0.770700637,0.21656051,0,0.012738854,0,0,0
AP,2005,58.70179578,-155.5636106,177590208,0,0,0.144694534,0.028938907,0.24437299,0.241157556,0.340836013,0,0
AP,2006,58.21675088,-154.5386387,160910304,0,0,0.131410256,0,0,0,0,0.868589744,0
AP,2006,58.11542524,-154.4860892,158520101,0,0,0.87012987,0.016233766,0,0,0,0.113636364,1
AP,2006,58.11448261,-154.4948846,158520102,0,0,0.650641026,0.041666667,0,0,0,0.307692308,1
AP,2006,58.11397115,-154.5039005,158520103,0,0,0.552715655,0.063897764,0,0,0,0.383386581,1
AP,2006,58.11968056,-154.4889032,158520201,0,0,0.741214058,0,0,0,0,0.258785942,1
AP,2006,58.12008801,-154.4804083,158520202,0,0,1,0,0,0,0,0,1
AP,2006,58.11831867,-154.4724156,158520203,0,0,1,0,0,0,0,0,1
AP,2006,58.17625162,-154.4065016,158520301,0,0,0.031847134,0.031847134,0,0,0,0.936305732,1
AP,2006,58.17284488,-154.4011049,158520302,0,0,0.314102564,0,0,0,0,0.685897436,1
AP,2006,58.1683723,-154.4008648,158520303,0,0,0.585209003,0.032154341,0,0,0,0.382636656,1
AP,2006,58.16383568,-154.4011734,158520304,0,0,0.022151899,0.113924051,0,0,0,0.863924051,1
AP,2006,58.14675109,-154.4967068,158520401,0,0,0.003184713,0,0,0,0,0.996815287,1
AP,2006,58.15104875,-154.4933553,158520402,0,0,0.638977636,0.041533546,0,0,0,0.319488818,1
AP,2006,58.16178043,-154.7877356,160890103,0,0,0.060126582,0.101265823,0,0,0,0.838607595,1
AP,2006,58.1711965,-154.8004762,160890201,0,0,0.333333333,0.047619048,0,0,0,0.619047619,1
AP,2006,58.17296382,-154.8173913,160890203,0,0,0.022151899,0.034810127,0,0,0,0.943037975,1
AP,2006,58.17404198,-154.834231,160890205,0,0,0.323717949,0.048076923,0,0,0,0.628205128,1
AP,2006,58.17358727,-154.8445874,160890206,0,0,0.175159236,0,0,0,0,0.824840764,1
AP,2006,58.25021991,-154.4397577,160910201,0,0,0.83974359,0.028846154,0,0,0,0.131410256,1
AP,2006,58.25147795,-154.4481497,160910202,0,0,0.287539936,0.21086262,0,0,0,0.501597444,1
AP,2006,58.24654528,-154.4452746,160910203,0,0,0.720634921,0.107936508,0,0,0,0.171428571,1
AP,2006,58.2157624,-154.5301278,160910305,0,0,0.35443038,0.025316456,0,0,0,0.620253165,1
AP,2006,58.21275967,-154.4930481,160910401,0.476038339,0,0.341853035,0.092651757,0,0,0,0.089456869,1
AP,2006,58.33708308,-154.2980972,163310102,0,0,0.380191693,0.207667732,0,0,0,0.412140575,1
AP,2006,58.29985628,-154.4004942,163310202,0,0,0,0.012658228,0,0,0,0.987341772,1
AP,2006,58.29168946,-154.4014526,163310302,0,0,0.100946372,0.211356467,0,0,0,0.687697161,1
AP,2006,58.28925426,-154.3941548,163310303,0,0,0.387820513,0.240384615,0,0,0,0.371794872,1
AP,2006,58.28818222,-154.3857948,163310304,0,0,0.837060703,0.162939297,0,0,0,0,1
AP,2006,58.29167621,-154.3801489,163310305,0,0,0.996794872,0.003205128,0,0,0,0,1
AP,2006,58.29531102,-154.3748771,163310306,0,0,0.457142857,0.120634921,0,0,0,0.422222222,1
AP,2006,58.2938146,-154.3668293,163310307,0,0,0.865814696,0.028753994,0,0,0,0.10543131,1
AP,2006,58.29976324,-154.3737857,163310308,0,0,0.532051282,0.080128205,0,0,0,0.387820513,1
AP,2006,58.30137298,-154.3918314,163310310,0,0,0.132911392,0.123417722,0,0,0,0.743670886,1
AP,2005,58.24966754,-155.7826114,165620101,0,0,0.968152866,0.012738854,0.01910828,0,0,0,1
AP,2005,58.25389554,-155.7793359,165620102,0.037974684,0,0.794303797,0.142405063,0,0,0.025316456,0,1
AP,2005,58.25669493,-155.7726421,165620103,0,0,0.775316456,0.205696203,0,0,0.018987342,0,1
AP,2005,58.25947638,-155.7659178,165620104,0,0,0.778846154,0.205128205,0.016025641,0,0,0,1
AP,2005,58.26323449,-155.7520924,165620106,0,0,0.823151125,0.080385852,0.061093248,0.035369775,0,0,1
AP,2005,58.27263881,-155.7315981,165620201,0,0,0.939297125,0.060702875,0,0,0,0,1
AP,2005,58.27204211,-155.7230679,165620202,0,0,0.905362776,0.094637224,0,0,0,0,1
AP,2005,58.2682881,-155.7181485,165620203,0,0,0.617363344,0.382636656,0,0,0,0,1
BBL,2005,58.26636077,-155.7103996,165620204,0.006329114,0,0.550632911,0.443037975,0,0,0,0,1
BBL,2005,58.26473795,-155.7023405,165620205,0.009584665,0,0.54313099,0.447284345,0,0,0,0,1
BBL,2005,58.26027995,-155.7003926,165620206,0.028481013,0,0.60443038,0.367088608,0,0,0,0,1
BBL,2005,58.25611875,-155.7038004,165620207,0.022364217,0,0.798722045,0.178913738,0,0,0,0,1
BBL,2005,58.25801684,-155.7115468,165620208,0,0,0.778481013,0.221518987,0,0,0,0,1
BBL,2005,58.25951762,-155.7195577,165620209,0.006329114,0,0.556962025,0.436708861,0,0,0,0,1
BBL,2005,58.26239915,-155.7262268,165620210,0.050473186,0.018927445,0.583596215,0.347003155,0,0,0,0,1
AP,2005,58.25910866,-155.7322719,165620211,0,0,0.990506329,0.009493671,0,0,0,0,1
AP,2005,58.30097795,-155.8988822,168000104,0,0,0,0.917197452,0,0,0,0.082802548,1
AP,2005,58.31338584,-155.944807,168000110,0,0,0.556270096,0.443729904,0,0,0,0,1
AP,2005,58.31528485,-155.9523548,168000111,0,0,0.702531646,0.297468354,0,0,0,0,1
AP,2005,58.3175379,-155.9597737,168000112,0,0,0.579113924,0.420886076,0,0,0,0,1
BBL,2005,58.33211839,-156.0044969,168000201,0.031746032,0,0.26984127,0.685714286,0,0,0.012698413,0,1
BBL,2005,58.34100187,-156.0067124,168000203,0.059748428,0,0.455974843,0.48427673,0,0,0,0,1
BBL,2005,58.34550798,-156.008075,168000204,0,0,0.734177215,0.265822785,0,0,0,0,1
BBL,2005,58.35467041,-156.0097648,168000206,0.037974684,0,0.924050633,0.037974684,0,0,0,0,1
BBL,2005,58.35208476,-156.0013426,168000301,0,0,0.89556962,0.088607595,0,0,0.015822785,0,1
BBL,2005,58.34472477,-155.9909625,168000303,0,0,0.08490566,0.91509434,0,0,0,0,1
AP,2005,58.34448455,-155.470451,168030101,0,0,0.24437299,0.75562701,0,0,0,0,1
AP,2005,58.34826294,-155.4752709,168030102,0,0,0.317307692,0.682692308,0,0,0,0,1
AP,2005,58.35243537,-155.4819054,168030103,0,0,0.547169811,0.452830189,0,0,0,0,1
AP,2005,58.35664728,-155.4851844,168030104,0,0,0.834920635,0.165079365,0,0,0,0,1
AP,2005,58.35926838,-155.4922454,168030105,0,0,0.955271566,0.038338658,0.006389776,0,0,0,1
AP,2005,58.36466591,-155.4524617,168030201,0,0,0.746835443,0.018987342,0.123417722,0,0.110759494,0,1
AP,2005,58.36451411,-155.4438261,168030202,0,0,0.705696203,0,0.21835443,0,0.075949367,0,1
AP,2005,58.36496397,-155.4352345,168030203,0,0,0.673076923,0.051282051,0.150641026,0.025641026,0.099358974,0,1
AP,2005,58.36469223,-155.4266286,168030204,0,0,0.747603834,0.054313099,0.086261981,0.047923323,0.063897764,0,1
AP,2005,58.36900212,-155.4297196,168030301,0,0,0.373801917,0.31629393,0.10543131,0,0.115015974,0.089456869,1
AP,2005,58.36892601,-155.4397473,168030302,0,0,0.22829582,0.080385852,0.286173633,0.083601286,0.321543408,0,1
AP,2005,58.37045034,-155.4484148,168030303,0,0,0.29903537,0,0.418006431,0.154340836,0.128617363,0,1
AP,2005,58.37218489,-155.4573435,168030304,0,0,0.233974359,0,0.304487179,0.057692308,0.403846154,0,1
AP,2005,58.37955058,-155.4899711,168030308,0,0.051446945,0.350482315,0.311897106,0.07073955,0.048231511,0.167202572,0,1
AP,2005,58.38428359,-155.5056189,168030310,0,0,0.387096774,0.493548387,0.032258065,0.022580645,0.064516129,0,1
AP,2005,58.3992058,-155.0795586,168050106,0,0,0,0.361904762,0,0,0,0.638095238,1
AP,2005,58.40619028,-155.0768549,168050201,0,0,0.041009464,0.457413249,0,0,0,0.501577287,1
AP,2005,58.4029448,-155.0709433,168050202,0,0,0.03514377,0.258785942,0,0,0,0.706070288,1
AP,2005,58.39947939,-155.0654877,168050203,0,0,0,0.347133758,0,0,0,0.652866242,1
AP,2005,58.39634657,-155.0592811,168050204,0,0,0,0.366559486,0,0,0,0.633440514,1
AP,2005,58.41065347,-155.0764204,168050301,0,0,0.054487179,0.246794872,0,0,0,0.698717949,1
AP,2005,58.41513276,-155.0760073,168050302,0,0,0.296529968,0.451104101,0,0,0,0.252365931,1
AP,2005,58.41966033,-155.0754763,168050303,0,0,0.914285714,0.085714286,0,0,0,0,1
AP,2005,58.42440784,-155.0750417,168050304,0,0,0.964401295,0.01618123,0.019417476,0,0,0,1
AP,2005,58.49145234,-154.7525329,168070101,0,0,0.819047619,0.095238095,0.085714286,0,0,0,1
AP,2005,58.48718226,-154.7499205,168070102,0,0,0.722397476,0.154574132,0.123028391,0,0,0,1
AP,2005,58.482939,-154.7469593,168070103,0,0,0.796825397,0.057142857,0.092063492,0,0,0.053968254,1
AP,2005,58.43445003,-154.7187425,168070203,0,0,0.482315113,0.1414791,0,0,0,0.376205788,1
AP,2005,58.43866646,-154.7218646,168070204,0,0,0.91025641,0.057692308,0,0,0,0.032051282,1
AP,2005,58.44268978,-154.7258879,168070205,0,0,1,0,0,0,0,0,1
AP,2005,58.44655752,-154.7301204,168070206,0,0,1,0,0,0,0,0,1
AP,2005,58.45039845,-154.7344441,168070207,0,0,0.614886731,0,0.385113269,0,0,0,1
AP,2005,58.45822513,-154.7426946,168070209,0,0,0.33015873,0.063492063,0.155555556,0,0,0.450793651,1
AP,2005,58.52836867,-154.4113388,168090101,0,0,0.028938907,0.572347267,0,0,0,0.398713826,1
AP,2005,58.52695665,-154.4031145,168090102,0,0,0.07278481,0.601265823,0,0,0,0.325949367,1
AP,2005,58.52452238,-154.3953465,168090103,0,0,0,0.296178344,0,0,0,0.703821656,1
AP,2005,58.53384809,-154.4025218,168090106,0,0,0.240384615,0.746794872,0,0,0,0.012820513,1
AP,2005,58.53379218,-154.411503,168090107,0,0,0.151898734,0.648734177,0,0,0,0.199367089,1
AP,2005,58.53651102,-154.4279654,168090109,0,0,0.439873418,0.471518987,0,0,0,0.088607595,1
AP,2005,58.53782455,-154.4366887,168090110,0,0,0.642172524,0.325878594,0,0,0,0.031948882,1
AP,2005,58.53928057,-154.4453417,168090111,0,0,0.189102564,0.746794872,0,0,0,0.064102564,1
AP,2005,58.53532716,-154.4495547,168090112,0,0,0.349358974,0.503205128,0,0,0,0.147435897,1
AP,2005,58.53086866,-154.4471527,168090113,0,0,0.841772152,0.082278481,0,0,0,0.075949367,1
AP,2005,58.53283019,-154.4575662,168090114,0,0,0.851265823,0.025316456,0,0,0,0.123417722,1
AP,2005,58.43102217,-155.9212143,170390101,0,0.182108626,0.562300319,0.233226837,0.003194888,0,0.019169329,0,1
AP,2005,58.43539953,-155.9192831,170390102,0,0.153354633,0.6485623,0.182108626,0,0,0,0,1
AP,2005,58.43989491,-155.9174431,170390103,0,0,0.831210191,0.02866242,0.124203822,0.006369427,0.00955414,0,1
AP,2005,58.44678283,-155.9063066,170390105,0,0.098726115,0.700636943,0.178343949,0.015923567,0,0.006369427,0,1
AP,2005,58.45018923,-155.900733,170390106,0,0.041533546,0.741214058,0.067092652,0.099041534,0,0.051118211,0,1
AP,2005,58.37340295,-155.9509439,170390201,0,0,0.862619808,0.137380192,0,0,0,0,1
AP,2005,58.37295234,-155.9424199,170390202,0,0,0.875,0.125,0,0,0,0,1
AP,2005,58.37246418,-155.9338207,170390203,0,0,0.778481013,0.221518987,0,0,0,0,1
AP,2005,58.37280214,-155.9248943,170390204,0,0,0.892063492,0.092063492,0.015873016,0,0,0,1
AP,2005,58.41738582,-155.9442545,170390402,0,0,0.687898089,0,0.312101911,0,0,0,1
AP,2005,58.41446221,-155.9507401,170390403,0,0,0.520634921,0,0.46031746,0,0.019047619,0,1
AP,2005,58.40531051,-155.9695316,170390406,0,0,0.402555911,0.003194888,0.3514377,0.025559105,0.217252396,0,1
AP,2005,58.40198457,-155.9754057,170390407,0,0,0.253205128,0,0.352564103,0.083333333,0.310897436,0,1
AP,2005,58.39899123,-155.981741,170390408,0,0,0.306709265,0,0.370607029,0.150159744,0.172523962,0,1
AP,2005,58.5621319,-154.547143,170470104,0,0,0.112179487,0.887820513,0,0,0,0,1
AP,2005,58.56580862,-154.5517833,170470201,0,0,0.108280255,0.515923567,0,0,0,0.375796178,1
AP,2005,58.54763238,-154.5836125,170470302,0,0,0.530546624,0.405144695,0,0,0,0.064308682,1
AP,2005,58.55142402,-154.5884389,170470303,0,0,0.501587302,0.498412698,0,0,0,0,1
AP,2005,58.55587246,-154.5942572,170470304,0,0,0.736507937,0.263492063,0,0,0,0,1
AP,2005,58.55950073,-154.599449,170470305,0,0,0.829113924,0.148734177,0,0,0,0.022151899,1
AP,2005,58.56479424,-154.6015785,170470306,0,0,1,0,0,0,0,0,1
AP,2005,58.56895594,-154.6051112,170470307,0,0,0.993630573,0,0.006369427,0,0,0,1
AP,2005,58.57344529,-154.6066462,170470308,0,0,0.93968254,0,0.06031746,0,0,0,1
AP,2005,58.57798191,-154.6075967,170470309,0,0,0.911392405,0,0.088607595,0,0,0,1
AP,2005,58.58110274,-154.6138382,170470310,0,0,0.647435897,0,0.352564103,0,0,0,1
AP,2005,58.58158529,-154.6225904,170470401,0,0,0.680379747,0,0.319620253,0,0,0,1
AP,2005,58.58518481,-154.6458013,170470404,0,0,0.935691318,0,0.064308682,0,0,0,1
AP,2005,58.58723243,-154.6278608,170470501,0,0,0.42721519,0,0.57278481,0,0,0,1
AP,2005,58.59049005,-154.6414533,170470502,0,0,0.332268371,0.172523962,0.357827476,0,0,0.137380192,1
AP,2006,58.62840869,-153.7804519,170520101,0,0,0.717041801,0.282958199,0,0,0,0,1
AP,2006,58.6299974,-153.7886449,170520102,0,0,0.357827476,0.600638978,0,0,0,0.041533546,1
AP,2006,58.62577049,-153.7972714,170520103,0.08681672,0,0.91318328,0,0,0,0,0,1
AP,2006,58.62306414,-153.7902952,170520104,0,0,1,0,0,0,0,0,1
AP,2006,58.64170223,-153.7945245,170520202,0,0,0.172955975,0.685534591,0,0,0,0.141509434,1
AP,2006,58.63819691,-153.7869886,170520203,0,0,0.961661342,0.038338658,0,0,0,0,1
AP,2006,58.6236585,-153.7811081,170520401,0,0,0.977848101,0.022151899,0,0,0,0,1
AP,2006,58.62135407,-153.7706473,170520402,0,0,1,0,0,0,0,0,1
AP,2006,58.61690051,-153.7742212,170520403,0,0,1,0,0,0,0,0,1
AP,2006,58.61400842,-153.781124,170520404,0,0,1,0,0,0,0,0,1
AP,2006,58.61465089,-153.7898294,170520405,0,0,1,0,0,0,0,0,1
AP,2005,58.48329012,-156.225683,172770101,0,0,0.78913738,0.054313099,0.095846645,0,0.060702875,0,1
AP,2005,58.48222411,-156.2173552,172770102,0,0,0.945859873,0.054140127,0,0,0,0,1
AP,2005,58.48316917,-156.208728,172770103,0,0,0.816455696,0.183544304,0,0,0,0,1
AP,2005,58.48401164,-156.2000706,172770104,0,0,0.801282051,0.198717949,0,0,0,0,1
AP,2005,58.48507622,-156.1916992,172770105,0,0,0.77388535,0.22611465,0,0,0,0,1
AP,2005,58.48675797,-156.1834034,172770106,0,0,0.75399361,0.24600639,0,0,0,0,1
AP,2005,58.5191132,-156.1215602,172770118,0,0,0.702531646,0.297468354,0,0,0,0,1
AP,2005,58.50963235,-156.1482737,172770122,0,0,0.780254777,0.219745223,0,0,0,0,1
AP,2005,58.61372352,-155.0017155,172840101,0,0,0.528846154,0.044871795,0.426282051,0,0,0,1
AP,2005,58.61515582,-155.0099123,172840102,0,0,0.844444444,0.133333333,0.015873016,0,0,0.006349206,1
AP,2005,58.61680269,-155.0178892,172840103,0,0,0.714285714,0.285714286,0,0,0,0,1
AP,2005,58.61990869,-155.0340469,172840105,0.044585987,0,0.156050955,0,0.76433121,0.015923567,0.01910828,0,1
AP,2005,58.62899065,-155.0486488,172840202,0,0,0.256329114,0,0.743670886,0,0,0,1
AP,2005,58.62992406,-155.0402052,172840301,0,0,0.317610063,0,0.682389937,0,0,0,1
AP,2005,58.63047123,-155.0312949,172840302,0,0,0.784126984,0.085714286,0.13015873,0,0,0,1
AP,2005,58.69282186,-154.337842,172880104,0,0,0.516025641,0.423076923,0,0,0,0.060897436,1
AP,2005,58.69760156,-154.3528784,172880201,0,0,0.244444444,0.742857143,0,0,0,0.012698413,1
AP,2005,58.7014854,-154.3571217,172880202,0,0,0.901587302,0.079365079,0,0,0,0.019047619,1
AP,2005,58.70547652,-154.3610431,172880203,0,0,1,0,0,0,0,0,1
AP,2005,58.70932281,-154.3653936,172880204,0,0,1,0,0,0,0,0,1
AP,2005,58.71709049,-154.3666328,172880206,0,0,0.974683544,0,0.025316456,0,0,0,1
AP,2006,58.72514734,-153.9926289,172900204,0,0,0,0.355555556,0,0,0,0.644444444,1
AP,2006,58.72868191,-153.9863327,172900205,0,0,0.580952381,0.298412698,0,0,0,0.120634921,1
AP,2006,58.73333931,-153.9864204,172900206,0,0,0.996794872,0,0,0,0,0.003205128,1
AP,2006,58.74509501,-153.9722658,172900302,0,0,0.762057878,0.003215434,0,0,0,0.234726688,1
AP,2005,58.56615898,-156.1410575,175160101,0,0,0.82428115,0,0.150159744,0,0.025559105,0,1
AP,2005,58.56410558,-156.1489646,175160102,0,0,0.887820513,0.08974359,0.003205128,0,0.019230769,0,1
AP,2005,58.56126672,-156.1561449,175160103,0,0,0.848101266,0.151898734,0,0,0,0,1
AP,2005,58.5608265,-156.165426,175160104,0.037974684,0,0.848101266,0.113924051,0,0,0,0,1
AP,2005,58.55899933,-156.1740349,175160105,0,0,0.732484076,0.267515924,0,0,0,0,1
AP,2005,58.55618745,-156.1811082,175160106,0.02866242,0,0.656050955,0.27388535,0,0.025477707,0,0,1
AP,2005,58.55234108,-156.186336,175160107,0,0,0.796825397,0.203174603,0,0,0,0,1
AP,2005,58.54895236,-156.1921681,175160108,0,0,0.838607595,0.161392405,0,0,0,0,1
AP,2005,58.54411751,-156.2071926,175160110,0,0,0.73566879,0.26433121,0,0,0,0,1
AP,2005,58.73795246,-154.7648037,175250114,0,0,0.006349206,0.974603175,0,0,0,0.019047619,1
AP,2005,58.7359289,-154.773547,175250115,0,0,0.031746032,0.968253968,0,0,0,0,1
AP,2005,58.7508963,-154.7917887,175250119,0,0,0.155063291,0.844936709,0,0,0,0,1
AP,2005,58.75403423,-154.7855145,175250120,0,0,0.302839117,0.678233438,0,0,0,0.018927445,1
AP,2005,58.7533511,-154.7747534,175250121,0,0,0.018987342,0.952531646,0,0,0,0.028481013,1
AP,2005,58.7529735,-154.7578364,175250124,0,0,0,1,0,0,0,0,1
AP,2005,58.74828097,-154.7599403,175250125,0,0,0.003164557,0.955696203,0,0,0,0.041139241,1
AP,2005,58.78336251,-155.5262795,177590101,0,0,0.868167203,0.131832797,0,0,0,0,1
AP,2005,58.77987505,-155.5318841,177590102,0,0,0.859872611,0.140127389,0,0,0,0,1
AP,2005,58.77696142,-155.5386456,177590103,0,0,1,0,0,0,0,0,1
AP,2005,58.77490056,-155.5463646,177590104,0,0.044164038,0.886435331,0.069400631,0,0,0,0,1
AP,2005,58.77212045,-155.5533493,177590105,0,0,0.916932907,0.03514377,0.047923323,0,0,0,1
AP,2005,58.80975092,-155.2476551,177610304,0,0.029032258,0.029032258,0.941935484,0,0,0,0,1
AP,2005,58.80948999,-155.2390138,177610305,0,0,0.076433121,0.923566879,0,0,0,0,1
AP,2005,58.80910786,-155.2302,177610306,0,0,0.187301587,0.812698413,0,0,0,0,1
AP,2005,58.85849118,-155.7832254,182360102,0,0,0.638977636,0.361022364,0,0,0,0,1
AP,2005,58.86301339,-155.7810796,182360103,0,0,0.75399361,0.223642173,0.022364217,0,0,0,1
AP,2005,58.86743903,-155.7787676,182360104,0,0,0.797468354,0.034810127,0.107594937,0,0.060126582,0,1
AP,2005,58.89147162,-155.8842159,182360302,0,0,0.083333333,0.916666667,0,0,0,0,1
AP,2005,58.88992131,-155.8489878,182360401,0,0,0.651757189,0.348242812,0,0,0,0,1
AP,2005,58.88661683,-155.8430386,182360402,0,0,0.765079365,0.234920635,0,0,0,0,1
AP,2005,58.87643516,-155.8217205,182360501,0,0.067307692,0.775641026,0.067307692,0.08974359,0,0,0,1
AP,2005,58.87995422,-155.8163614,182360502,0,0.054487179,0.791666667,0.147435897,0.006410256,0,0,0,1
AP,2005,58.8835001,-155.810997,182360503,0,0.514376997,0.345047923,0.063897764,0.041533546,0,0.03514377,0,1
AP,2005,59.08210024,-154.8864068,184810205,0,0,0.803858521,0.067524116,0.025723473,0,0,0.10289389,1
AP,2005,59.07625026,-154.8937826,184810301,0,0,0.805031447,0.194968553,0,0,0,0,1
AP,2005,59.0719335,-154.8966155,184810302,0,0,0.430868167,0.565916399,0,0,0,0.003215434,1
AP,2005,59.07461059,-154.9205887,184810305,0.105095541,0,0.894904459,0,0,0,0,0,1
AP,2005,59.11164369,-155.3183773,187170104,0,0,0.477987421,0.490566038,0.01572327,0,0.01572327,0,1
AP,2005,59.11107036,-155.3541162,187170108,0,0,0.188498403,0.811501597,0,0,0,0,1
AP,2005,59.11248045,-155.3722214,187170110,0,0,0.176282051,0.823717949,0,0,0,0,1
AP,2005,59.11888003,-155.4251833,187170114,0,0,0.163461538,0.836538462,0,0,0,0,1
AP,2005,59.22203779,-155.4971463,189560104,0.022292994,0,0.538216561,0.436305732,0,0,0.003184713,0,1
AP,2005,59.22234356,-155.4882897,189560105,0.076923077,0,0.439102564,0.391025641,0.006410256,0.016025641,0.070512821,0,1
AP,2005,59.22375977,-155.4550893,189560201,0.028571429,0,0.177777778,0.793650794,0,0,0,0,1
AP,2005,59.21504796,-155.4349835,189560204,0,0,0.627760252,0.372239748,0,0,0,0,1
AP,2005,59.21218336,-155.4283369,189560205,0.073248408,0,0.468152866,0.375796178,0,0,0.082802548,0,1
AP,2005,59.22107756,-155.403489,189560401,0.06031746,0,0.387301587,0.511111111,0,0.041269841,0,0,1
AR,2006,59.93634442,-152.8871556,201670401,0,0,0.006389776,0.52715655,0,0,0,0.466453674,1
AR,2006,59.93236385,-152.8825539,201670402,0,0,0.424050633,0.487341772,0,0,0,0.088607595,1
AR,2006,60.02027015,-152.8786683,204060105,0,0,0.974683544,0,0,0,0.025316456,0,1
AR,2006,60.01224783,-152.8679833,204060203,0,0,0.977777778,0,0,0,0.022222222,0,1
AR,2006,60.01248655,-152.8773359,204060204,0.06031746,0,0.876190476,0,0,0,0.025396825,0.038095238,1
AR,2006,60.01094562,-152.8865306,204060205,0,0,0.82278481,0,0,0,0.085443038,0.091772152,1
AR,2006,60.00773585,-152.8620233,204060208,0,0,0.620578778,0,0,0,0.131832797,0.247588424,1
AR,2006,60.01003845,-152.8540604,204060209,0,0,0.670926518,0,0,0,0.290734824,0.038338658,1
AR,2004,59.97423682,-154.0829513,206380201,0,0,0.667721519,0,0,0,0.332278481,0,1
AR,2004,59.97007647,-154.0574126,206380204,0.047468354,0.003164557,0.851265823,0,0,0.015822785,0.082278481,0,1
AR,2004,59.96801024,-154.0375842,206380206,0,0,0.987138264,0,0,0.012861736,0,0,1
AR,2006,60.06162789,-152.9023224,206450101,0,0,0.898412698,0,0,0,0.101587302,0,1
AR,2006,60.06965968,-152.8938845,206450103,0,0,1,0,0,0,0,0,1
AR,2006,60.07390981,-152.8906117,206450104,0,0,0.724358974,0,0,0,0.173076923,0.102564103,1
AR,2006,60.0780622,-152.887243,206450105,0.060897436,0,0.221153846,0,0,0,0.413461538,0.304487179,1
AR,2006,60.11900646,-152.8980485,206450201,0,0,0.116352201,0.374213836,0,0,0,0.509433962,1
AR,2006,60.1210389,-152.8729475,206450205,0,0,0.980645161,0.016129032,0,0,0.003225806,0,1
AR,2006,60.11704199,-152.8795136,206450206,0,0,1,0,0,0,0,0,1
AR,2006,60.11304751,-152.8843767,206450207,0,0,1,0,0,0,0,0,1
AR,2006,60.11010437,-152.8912913,206450208,0,0,0.996855346,0.003144654,0,0,0,0,1
AR,2006,60.10519308,-152.8948046,206450209,0,0,1,0,0,0,0,0,1
AR,2006,60.10163194,-152.9003161,206450210,0,0,1,0,0,0,0,0,1
AR,2006,60.09807056,-152.9059547,206450211,0,0,1,0,0,0,0,0,1
AR,2006,60.09411204,-152.9101402,206450212,0.186708861,0,0.768987342,0,0,0,0.037974684,0.006329114,1
AR,2004,60.03065156,-154.5199472,208750101,0,0,0.461783439,0.066878981,0.108280255,0.187898089,0.175159236,0,1
AR,2004,60.02850453,-154.5281362,208750102,0,0,0.860759494,0.044303797,0.069620253,0,0.025316456,0,1
AR,2004,60.02705405,-154.5368935,208750103,0,0,0.637820513,0.349358974,0,0,0.012820513,0,1
AR,2004,60.05826163,-154.4802668,208750201,0,0,0.940063091,0.059936909,0,0,0,0,1
AR,2004,60.05498816,-154.4692425,208750202,0,0,0.935483871,0.064516129,0,0,0,0,1
AR,2004,60.05243436,-154.461549,208750203,0,0,0.659235669,0.340764331,0,0,0,0,1
AR,2004,60.04685889,-154.5442525,208750303,0,0,0.826923077,0.173076923,0,0,0,0,1
AR,2004,60.03840641,-154.556723,208750305,0,0,0.853968254,0.146031746,0,0,0,0,1
LH,2004,60.02609373,-154.5838884,208750404,0,0.035369775,0.697749196,0,0,0.041800643,0.225080386,0,1
LH,2004,60.02151277,-154.5821629,208750405,0,0,0.896440129,0,0.01618123,0,0.087378641,0,1
LH,2004,60.02203471,-154.5639584,208750412,0,0,0.659235669,0,0,0,0.340764331,0,1
AR,2004,60.15935887,-153.6283719,208800101,0.028571429,0,0,0.438095238,0,0,0,0.533333334,1
AR,2004,60.14538967,-153.6155548,208800108,0,0,0.507886435,0.195583596,0,0,0,0.296529968,1
AR,2004,60.1460526,-153.6247274,208800109,0,0,0.775316456,0.129746835,0,0,0,0.094936709,1
AR,2004,60.14391311,-153.632784,208800110,0,0,0.779552716,0.204472843,0,0,0,0.015974441,1
AR,2004,60.14089999,-153.6238512,208800111,0.00955414,0,0.579617834,0.318471338,0,0,0.025477707,0.066878981,1
AR,2004,60.1271193,-154.3528908,211150201,0,0,0.182108626,0.437699681,0,0.047923323,0.063897764,0.268370607,1
AR,2004,60.12459811,-154.3604026,211150202,0,0,0.398734177,0.601265823,0,0,0,0,1
AR,2004,60.12323094,-154.3690902,211150203,0,0,0.509493671,0.462025316,0,0,0.028481013,0,1
AR,2004,60.12096849,-154.3769733,211150204,0,0,0.747603834,0.214057508,0,0,0.038338658,0,1
AR,2004,60.11843825,-154.384489,211150205,0,0,0.753205128,0,0.16025641,0,0.086538462,0,1
AR,2004,60.11906354,-154.4174042,211150209,0,0,0.442675159,0.006369427,0,0.095541401,0.455414013,0,1
AR,2004,60.30535469,-153.9253433,213570101,0,0,0.571884984,0,0.236421725,0.060702875,0.130990415,0,1
AR,2004,60.4070177,-152.5775925,213640101,0,0,1,0,0,0,0,0,1
AR,2004,60.4078781,-152.5686348,213640102,0,0,0.993650794,0,0,0,0.006349206,0,1
AR,2004,60.40869442,-152.5597156,213640103,0,0,0.952531646,0,0,0,0.047468354,0,1
AR,2004,60.40966353,-152.5509318,213640104,0,0,0.971608833,0,0,0,0.025236593,0.003154574,1
AR,2004,60.41052268,-152.5416237,213640105,0.053968254,0.034920635,0.631746032,0,0,0,0.082539683,0.196825397,1
AR,2004,60.39993231,-152.6339697,213640204,0.037974684,0,0.949367089,0,0,0,0.012658228,0,1
AR,2004,60.40942901,-152.535417,213640301,0.058064516,0.032258065,0.609677419,0,0,0,0.096774194,0.203225806,1
AR,2004,60.40573619,-152.5433619,213640302,0,0,0.996815287,0,0,0,0.003184713,0,1
AR,2004,60.40354634,-152.5513659,213640303,0,0,1,0,0,0,0,0,1
AR,2004,60.40135958,-152.5592086,213640304,0,0,0.996784566,0,0,0,0.003215434,0,1
AR,2004,60.40346051,-152.566954,213640305,0,0,1,0,0,0,0,0,1
AR,2004,60.38717841,-152.5967949,213640404,0,0,0.785488959,0.044164038,0,0,0.14511041,0.025236593,1
LH,2004,60.37845419,-154.1153236,215950103,0,0,0.479365079,0.184126984,0.031746032,0.095238095,0.206349206,0.003174603,1
AR,2004,60.41209772,-153.366287,215990301,0,0,0.575562701,0,0.038585209,0.025723473,0.01607717,0.344051447,1
AR,2004,60.41605457,-153.3614789,215990302,0,0,0.626198083,0.019169329,0.038338658,0.019169329,0.019169329,0.277955272,1
AR,2004,60.42430596,-153.3683132,215990304,0,0,0.942675159,0.025477707,0,0,0,0.031847134,1
AR,2004,60.43201203,-153.3776887,215990306,0,0,0.96474359,0,0.016025641,0.019230769,0,0,1
LH,2004,60.46435696,-153.8785599,218350101,0,0,0.233226837,0.763578275,0,0,0,0.003194888,1
LH,2004,60.46335549,-153.8895479,218350102,0,0,0.227564103,0.676282051,0,0,0,0.096153846,1
LH,2004,60.46229493,-153.8996672,218350103,0,0,0.248407643,0.675159236,0,0,0,0.076433121,1
LH,2004,60.46159093,-153.9087418,218350104,0,0,0.353503185,0.630573248,0,0,0,0.015923567,1
LH,2004,60.46074646,-153.9178091,218350105,0,0,0.289389068,0.710610932,0,0,0,0,1
LH,2004,60.45820355,-153.9256655,218350106,0,0,0.52866242,0.194267516,0,0.025477707,0.238853503,0.012738854,1
LH,2004,60.45704694,-153.9346339,218350107,0,0,0.406349206,0.501587302,0,0.003174603,0.088888889,0,1
LH,2004,60.45559552,-153.9435647,218350108,0,0,0.468152866,0.531847134,0,0,0,0,1
LH,2004,60.51069824,-153.8408108,218360101,0,0,0.041139241,0.639240506,0,0.056962025,0,0.262658228,1
LH,2004,60.50617008,-153.8415887,218360102,0,0,0.798722045,0.124600639,0.03514377,0.041533546,0,0,1
LH,2004,60.46951502,-153.7811656,218360402,0.018987342,0.025316456,0.060126582,0,0.088607595,0.003164557,0.319620253,0.484177215,1
LH,2004,60.46687111,-153.7887977,218360403,0.143769968,0,0.057507987,0,0.115015974,0.079872204,0.239616613,0.364217252,1
LH,2004,60.46272618,-153.7923245,218360404,0.206349206,0,0,0,0.206349206,0.092063492,0.06984127,0.425396825,1
AR,2004,60.52578106,-152.9455304,218410101,0.015822785,0,0.212025316,0.259493671,0,0,0.022151899,0.490506329,1
AR,2004,60.52936222,-152.9389499,218410102,0.016025641,0,0.141025641,0.294871795,0,0,0.070512821,0.477564103,1
AR,2004,60.5315608,-152.9303059,218410103,0.044444444,0,0.234920635,0.222222222,0,0,0.00952381,0.488888889,1
AR,2004,60.53497349,-152.9240887,218410104,0,0,0.057324841,0.171974522,0,0,0,0.770700637,1
AR,2004,60.53863755,-152.918601,218410105,0,0,0.338607595,0.411392405,0,0,0.056962025,0.193037975,1
AR,2004,60.54226113,-152.9113608,218410106,0,0,0.391585761,0.252427184,0,0,0.155339806,0.200647249,1
AR,2004,60.54577894,-152.9043116,218410107,0,0,0.67721519,0.034810127,0,0.003164557,0.094936709,0.189873418,1
AR,2004,60.55452009,-152.8957341,218410109,0.035369775,0,0.92926045,0,0,0,0.022508039,0.012861736,1
AR,2004,60.55544914,-152.8866739,218410110,0,0,0.971246006,0,0,0,0.028753994,0,1
AR,2004,60.55769021,-152.8773822,218410111,0.059936909,0,0.728706625,0,0,0,0.110410095,0.100946372,1
AR,2004,60.55764746,-152.8677758,218410112,0,0,0.296529968,0.015772871,0,0,0.507886435,0.179810726,1
AR,2004,60.5539207,-152.8407487,218410115,0,0,0.134615385,0,0,0,0.147435897,0.717948718,1
LH,2004,60.53879371,-153.7434624,220750101,0,0,0,0.97133758,0,0,0,0.02866242,1
LH,2004,60.53695489,-153.7519178,220750102,0,0,0,0.698717949,0,0,0,0.301282051,1
LH,2004,60.53558704,-153.7610129,220750103,0,0,0.012658228,0.949367089,0,0,0,0.037974684,1
LH,2004,60.53620555,-153.7702846,220750104,0,0,0.232258065,0.751612903,0,0,0,0.016129032,1
LH,2004,60.53989174,-153.7791002,220750105,0,0,0.324921136,0.675078864,0,0,0,0,1
LH,2004,60.54831471,-153.7860987,220750107,0,0,0.105095541,0.722929936,0,0,0,0.171974522,1
LH,2004,60.5511348,-153.7932362,220750108,0,0,0.176656151,0.738170347,0,0,0,0.085173502,1
LH,2004,60.55450995,-153.8219194,220750201,0,0,0.696485623,0,0.025559105,0.124600639,0.153354633,0,1
LH,2004,60.55817854,-153.8163676,220750202,0,0,0.330188679,0.003144654,0,0.254716981,0.411949686,0,1
LH,2004,60.56128152,-153.8095579,220750203,0,0,0.59807074,0,0,0.180064309,0.221864952,0,1
LH,2004,60.56447268,-153.8029584,220750204,0,0,0.304487179,0.044871795,0,0.099358974,0.551282051,0,1
LH,2004,60.56701591,-153.7952184,220750205,0,0,0.387820513,0.157051282,0,0.211538462,0.243589744,0,1
LH,2004,60.57065533,-153.7889846,220750206,0,0,0.914556962,0.037974684,0,0.03164557,0.015822785,0,1
LH,2004,60.57400986,-153.7827109,220750207,0,0,0.551282051,0.326923077,0,0.028846154,0.086538462,0.006410256,1
LH,2004,60.57694914,-153.7754244,220750208,0.003205128,0,0.467948718,0.317307692,0,0.025641026,0.147435897,0.038461538,1
LH,2004,60.57971114,-153.7576772,220750210,0.015873016,0,0.603174603,0.038095238,0,0.082539683,0.196825397,0.063492063,1
LH,2004,60.61191701,-154.1045621,223120104,0,0,0,0.855305466,0,0,0,0.144694534,1
LH,2004,60.64941153,-154.1442454,223120201,0,0,0.528846154,0.429487179,0.003205128,0.038461538,0,0,1
LH,2004,60.64533541,-154.1484161,223120202,0,0,0.329113924,0.664556962,0,0.006329114,0,0,1
LH,2004,60.63478544,-154.1738147,223120206,0,0,0.411392405,0.588607595,0,0,0,0,1
LH,2004,60.63662913,-154.2336663,223120302,0,0,0.446202532,0.553797468,0,0,0,0,1
LH,2004,60.62793969,-154.261233,223120402,0,0,0.57278481,0.155063291,0.148734177,0.006329114,0.117088608,0,1
AR,2004,60.71852845,-153.0448875,223180102,0,0,0.851735016,0.148264984,0,0,0,0,1
AR,2004,60.7212265,-153.0373059,223180103,0,0,0.814102564,0.185897436,0,0,0,0,1
AR,2004,60.72199278,-153.0281636,223180104,0,0,0.688888889,0.311111111,0,0,0,0,1
AR,2004,60.71742388,-153.0280397,223180105,0,0,0.652733119,0.347266881,0,0,0,0,1
AR,2004,60.71394271,-153.0340663,223180106,0,0,0.712025316,0.287974684,0,0,0,0,1
AR,2004,60.70559878,-153.0532234,223180108,0,0,1,0,0,0,0,0,1
LH,2004,60.7709161,-153.9745072,225530109,0,0,0.591772152,0.047468354,0,0.360759494,0,0,1
LH,2004,60.77559714,-153.9700074,225530111,0.552380952,0,0.165079365,0.028571429,0,0.247619048,0,0.006349206,1
LH,2004,60.7766489,-153.9609418,225530112,0.473015873,0,0.171428571,0.012698413,0,0.292063492,0,0.050793651,1
LH,2004,60.77792136,-153.952041,225530113,0.605678233,0,0.173501577,0.034700315,0,0.186119874,0,0,1
LH,2004,60.785596,-154.4128913,227890202,0,0,0.601265823,0.325949367,0.050632911,0,0.022151899,0,1
LH,2004,60.78276434,-154.4201868,227890203,0,0,0.635483871,0.274193548,0.067741935,0.022580645,0,0,1
LH,2004,60.77249525,-154.4223338,227890301,0,0,0.876190476,0.123809524,0,0,0,0,1
LH,2004,60.80025653,-153.9823398,227920102,0,0,0.086538462,0.586538462,0.298076923,0,0,0.028846154,1
LH,2004,60.88182352,-153.8362398,230310101,0,0,0.436708861,0.474683544,0.018987342,0,0,0.069620253,1
LH,2004,60.886164,-153.8393236,230310102,0,0,0.006329114,0.914556962,0.044303797,0,0,0.034810127,1
LH,2004,60.90539502,-153.8617612,230310107,0.012820513,0,0.682692308,0.272435897,0,0.019230769,0.003205128,0.009615385,1
AR,2004,60.91367927,-153.9110817,230310207,0,0,0.73015873,0,0,0,0.26984127,0,1
AR,2004,60.91135682,-153.9030825,230310208,0,0,0.863057325,0,0.006369427,0.111464968,0.01910828,0,1
AR,2004,60.91123721,-153.8936084,230310209,0,0,0.952531646,0,0,0.034810127,0.012658228,0,1
AR,2004,60.90946913,-153.8850424,230310210,0,0,0.61341853,0,0,0.332268371,0.054313099,0,1
LH,2004,60.97811172,-154.4982643,232670101,0,0,0.22611465,0.722929936,0.050955414,0,0,0,1
LH,2004,60.98715579,-154.4984064,232670103,0,0,0.692307692,0.307692308,0,0,0,0,1
LH,2004,60.99156459,-154.4981132,232670104,0,0,0.396825397,0.380952381,0.003174603,0.025396825,0.193650794,0,1
LH,2004,60.99158571,-154.4888503,232670106,0,0,0.297468354,0.360759494,0.079113924,0.034810127,0.227848101,0,1
LH,2004,60.98154997,-154.4876355,232670201,0,0,0.381410256,0.564102564,0.054487179,0,0,0,1
LH,2004,60.97873743,-154.480306,232670202,0,0,0.688888889,0.006349206,0.079365079,0.038095238,0.187301587,0,1
AR,2004,61.45966823,-153.0095198,242320105,0,0,0.226537217,0.724919094,0,0,0,0.048543689,1
AR,2004,61.45578448,-153.0089794,242320106,0,0,0.473015873,0.526984127,0,0,0,0,1
AR,2004,61.45131508,-153.0080372,242320107,0,0,0.901273885,0.098726115,0,0,0,0,1
