Longitude,Latitude,housing_median_age,total_rooms,total_bedrooms,population,households,median_income,median_house_value,set
-122.59,37.99,0.68627451,0.530347608,0.484392419,0.39524207,0.505205144,0.404850252,3.02,1
-122.59,38.01,0.666666667,0.960226654,0.727424749,0.718906511,0.769136558,0.626435639,4.143,1
-122.59,38.04,0.470588235,0.371581127,0.252508361,0.25730384,0.247397428,0.86852858,3.973,1
-122.58,37.98,1,0.264302059,0.239966555,0.209724541,0.254745867,0.477747593,3.0425,1
-122.58,38.12,0.235294118,0.547564564,0.484392419,0.397954925,0.470300061,0.489078099,3.095,1
-122.57,37.96,1,0.376593658,0.259754738,0.301335559,0.28720147,0.958951763,5.00001,1
-122.57,37.97,0.901960784,0.589953144,0.620401338,0.453255426,0.627679118,0.331919781,3.821,1
-122.57,37.98,0.941176471,0.311430751,0.30657748,0.244782972,0.318432333,0.455550402,3.55,1
-122.57,37.99,0.794117647,0.435163997,0.394927536,0.3528798,0.435701164,0.449393719,3.285,1
-122.57,38.03,0.450980392,0.253677672,0.178372352,0.189065109,0.194733619,0.665407722,3.877,1
-122.57,38.11,0.529411765,0.347608151,0.411928651,0.342132721,0.428965095,0.313013517,2.2195,1
-122.56,37.9,0.68627451,0.128037485,0.106094389,0.087854758,0.113084303,0.700080249,4.094666667,1
-122.56,37.91,1,0.214667103,0.18115942,0.156510851,0.210042866,0.739078099,5.00001,1
-122.56,37.92,0.705882353,0.209654571,0.160535117,0.149415693,0.181261482,0.930393586,5.00001,1
-122.56,37.97,1,0.19952054,0.179487179,0.152337229,0.186160441,0.463214507,3.989,1
-122.56,37.98,0.68627451,0.288438488,0.301003344,0.230801336,0.339865279,0.475494743,3.457,1
-122.56,38.01,0.392156863,0.233409611,0.221850613,0.174248748,0.242498469,0.452789557,2.395,1
-122.56,38.03,0.647058824,0.205404816,0.160535117,0.16903172,0.172075934,0.665363548,3.248,1
-122.55,37.9,0.647058824,0.155715375,0.123745819,0.103923205,0.133496632,0.823913332,4.534,1
-122.55,37.91,0.921568627,0.139588101,0.153846154,0.117278798,0.154929577,0.306950702,4.6,1
-122.55,37.92,1,0.250735534,0.193979933,0.178213689,0.218616044,0.61937892,5.00001,1
-122.55,37.97,1,0.242998801,0.161092531,0.151502504,0.153704838,0.730585741,5.00001,1
-122.55,37.98,0.588235294,0.414623515,0.460423634,0.328881469,0.485609308,0.308452602,3.375,1
-122.55,37.99,0.647058824,0.360030511,0.308249721,0.290692821,0.357011635,0.485842389,3.199,1
-122.55,38,0.333333333,0.339653482,0.446488294,0.290066778,0.440906307,0.378412404,3.011,1
-122.55,38.01,0.509803922,0.431949439,0.320512821,0.344741235,0.372933252,0.643994611,3.422,1
-122.55,38.02,0.509803922,0.542987905,0.395206243,0.401293823,0.453153705,0.662370792,3.615,1
-122.55,38.03,0.549019608,0.781519015,0.650501672,0.638146912,0.71647275,0.617357982,2.932,1
-122.55,38.07,0.401960784,0.266045549,0.261984392,0.254486644,0.278628291,0.484842963,3.479,1
-122.55,38.1,0.490196078,0.565108423,0.496098105,0.487479132,0.553582364,0.497283329,2.556,1
-122.54,37.88,0.568627451,0.477280157,0.406911929,0.369365609,0.454990814,0.693634597,4.144,1
-122.54,37.89,0.62745098,0.541462352,0.464882943,0.396911519,0.485609308,0.621477162,4.244,1
-122.54,37.9,0.852941176,0.308216193,0.300445931,0.210559265,0.299755052,0.398610743,3.796,1
-122.54,37.91,0.921568627,0.318404707,0.271460424,0.24081803,0.308022045,0.566558442,4.89,1
-122.54,37.93,0.823529412,0.326468345,0.260869565,0.201377295,0.262094305,0.556431664,4.318,1
-122.54,37.94,0.617647059,0.417129781,0.438963211,0.319177796,0.482547459,0.474406971,4.2035,1
-122.54,37.95,0.725490196,0.251498311,0.221850613,0.201585977,0.235150031,0.573935418,4.357,1
-122.54,37.96,0.62745098,0.275907159,0.274804905,0.206803005,0.273729333,0.420576023,5.00001,1
-122.54,37.97,0.745098039,0.456685191,0.423634337,0.381469115,0.450091855,0.56612775,3.521,1
-122.54,37.98,1,0.191347935,0.175027871,0.125626043,0.160440906,0.553096563,3.719,1
-122.54,37.99,0.607843137,0.243434674,0.192865106,0.169657763,0.200857318,0.756714374,4.44,1
-122.54,38,0.529411765,0.372016999,0.459308807,0.352462437,0.488671157,0.295973584,2.77,1
-122.54,38.14,0.294117647,0.482619592,0.335005574,0.345158598,0.384568279,0.777597403,3.921,1
-122.53,37.86,0.725490196,0.128691293,0.108138239,0.130008347,0.124311084,0.358920841,4.786,1
-122.53,37.87,0.37254902,0.197450147,0.156075808,0.136268781,0.153704838,0.828010425,4,1
-122.53,37.88,0.578431373,0.414351095,0.37541806,0.309578464,0.391610533,0.570539579,3.6085,1
-122.53,37.89,0.666666667,0.449493298,0.382943144,0.332011686,0.431720759,0.597159643,4.004,1
-122.53,37.9,0.843137255,0.309905198,0.306020067,0.256051753,0.327617881,0.373707925,3.272,1
-122.53,37.91,0.705882353,0.274817478,0.220735786,0.207429048,0.254133497,0.827071738,5.00001,1
-122.53,37.92,0.833333333,0.177999346,0.173076923,0.13783389,0.192896509,0.464545234,4.0065,1
-122.53,37.93,0.754901961,0.211888417,0.197881828,0.159119366,0.208205756,0.537685529,3.5175,1
-122.53,37.94,0.333333333,0.095456031,0.141025641,0.07909015,0.150030618,0.467631858,2,1
-122.53,37.96,0.676470588,0.288166067,0.225752508,0.203672788,0.250765462,0.628666402,3.8065,1
-122.53,37.97,0.887254902,0.182303585,0.255992196,0.175292154,0.270514391,0.23692464,2.56775,1
-122.53,37.98,0.607843137,0.260215757,0.186176143,0.167988314,0.215554195,0.891863239,5.00001,1
-122.53,38.01,0.401960784,0.251280375,0.22826087,0.18572621,0.235456216,0.43740061,1.892,1
-122.52,37.88,1,0.018960445,0.026755853,0.017320534,0.026944274,0.36519348,2.75,1
-122.52,37.89,0.31372549,0.475209764,0.579152731,0.341193656,0.604409063,0.381349943,4.176,1
-122.52,37.9,0.294117647,0.185463659,0.22296544,0.142737896,0.211879976,0.433342168,2.671,1
-122.52,37.91,0.568627451,0.454614798,0.410813824,0.378338898,0.43049602,0.562682216,4.029,1
-122.52,37.92,0.901960784,0.086193745,0.08974359,0.068656093,0.091243111,0.590931178,3.178,1
-122.52,37.93,0.647058824,0.302931241,0.2787068,0.253338898,0.309246785,0.505565863,3.339,1
-122.52,37.94,0.333333333,0.196360466,0.157190635,0.124165275,0.146356399,0.602780723,5.00001,1
-122.52,37.95,0.666666667,0.261196469,0.190635452,0.192404007,0.21218616,0.727581942,4.844005,1
-122.52,37.96,0.666666667,0.219025825,0.191750279,0.169657763,0.214329455,0.528083311,3.31,1
-122.52,37.97,0.62745098,0.061131089,0.107023411,0.054257095,0.102265769,0.248487057,2.313,1
-122.52,37.98,0.588235294,0.714067778,0.87458194,0.617070117,0.895284752,0.263980917,3.242,1
-122.51,37.78,0.882352941,0.275471287,0.275641026,0.234453255,0.278628291,0.428941382,3.4665,1
-122.51,37.87,0.392156863,0.425193418,0.545150502,0.405676127,0.561543172,0.260855641,2.584,1
-122.51,37.89,0.509803922,0.291162689,0.313823857,0.256260434,0.33374158,0.325625055,4.583,1
-122.51,37.91,0.019607843,0.070284407,0.074693423,0.041318865,0.071034905,0.67818491,3.1,1
-122.51,37.92,0.607843137,0.28549635,0.300445931,0.212228715,0.282914881,0.360544218,3.75,1
-122.51,37.96,0.745098039,0.359594639,0.380156076,0.327420701,0.398652786,0.351886209,2.638,1
-122.51,37.97,0.705882353,0.467908903,0.605908584,0.437186978,0.626454378,0.303284301,3.294,1
-122.51,37.98,0.705882353,0.522937779,0.38851728,0.380843072,0.414574403,0.615811909,4.878,1
-122.51,37.99,0.607843137,0.450691947,0.351170569,0.320534224,0.3821188,0.560915275,4.333,1
-122.51,38,0.31372549,0.266644873,0.297658863,0.240400668,0.3312921,0.381217422,2.742,1
-122.51,38.17,0.137254902,0.639969489,0.620401338,0.584933222,0.628903858,0.346684778,2.463,1
-122.5,37.77,1,0.251498311,0.260590858,0.242383139,0.266074709,0.407508945,3.3595,1
-122.5,37.78,0.921568627,0.248665141,0.287068004,0.256364775,0.306797306,0.347877463,3.4065,1
-122.5,37.87,0.31372549,0.471940721,0.526755853,0.343280467,0.561543172,0.641255853,3.461,1
-122.5,37.88,0.529411765,0.593440122,0.605908584,0.437186978,0.625229639,0.469078541,4.746,1
-122.5,37.91,0.588235294,0.762667538,0.713489409,0.573873122,0.774647887,0.5505345,4.411,1
-122.5,37.92,0.588235294,0.267244197,0.214604236,0.206281302,0.231169626,0.59391289,3.2505,1
-122.5,37.96,0.294117647,0.010678871,0.010033445,0.008347245,0.014084507,0.622404806,2.125,1
-122.49,37.76,0.971988796,0.197403447,0.184503902,0.173264965,0.197970431,0.405829957,3.356857143,1
-122.49,37.77,1,0.254985289,0.254180602,0.243113523,0.279240661,0.353796713,3.692,1
-122.49,37.78,0.8767507,0.302028363,0.351727982,0.303720487,0.366897034,0.315367334,3.582001429,1
-122.49,37.79,1,0.342595619,0.265328874,0.237479132,0.277403552,0.622934888,5.00001,1
-122.49,37.86,0.833333333,0.266971777,0.2909699,0.184474124,0.314451929,0.569114984,4.710005,1
-122.49,37.89,0.431372549,0.179579383,0.223522854,0.111853088,0.204531537,0.610025179,5.00001,1
-122.49,37.92,0.490196078,0.236242781,0.192307692,0.176126878,0.193508879,0.640007951,3.862,1
-122.49,37.98,0.647058824,0.136645963,0.098104794,0.094949917,0.105327618,0.654563124,4.517,1
-122.49,37.99,0.509803922,0.59583742,0.419732441,0.398789649,0.466625842,0.717168036,4.208,1
-122.49,38,0.490196078,0.005012531,0.003344482,0.002921536,0.003674219,0.797309833,4,1
-122.49,38.1,0.823529412,0.133376921,0.134894091,0.101419032,0.124311084,0.489078099,3.07,1
-122.49,38.22,0.62745098,0.161708619,0.160535117,0.161936561,0.166564605,0.338457461,2.518,1
-122.49,38.27,0.137254902,0.554647488,0.54960981,0.344741235,0.57195346,0.338214507,2.132,1
-122.48,37.75,0.968627451,0.249144601,0.25083612,0.25696995,0.268462952,0.424529552,3.2218,1
-122.48,37.76,0.967320261,0.27200247,0.298123374,0.275076516,0.315064299,0.382982522,3.323333333,1
-122.48,37.77,1,0.278304457,0.330546265,0.249791319,0.346601347,0.374370527,3.485,1
-122.48,37.78,0.954248366,0.308306999,0.345039019,0.305717863,0.354255971,0.333997777,3.4985,1
-122.48,37.79,1,0.344666013,0.358695652,0.290275459,0.366809553,0.679338943,4.789005,1
-122.48,37.85,0.803921569,0.685954015,0.727424749,0.436352254,0.736680955,0.659874989,5.00001,1
-122.48,37.86,1,0.426283099,0.418060201,0.24457429,0.409063074,0.630731513,5.00001,1
-122.48,37.93,0.294117647,0.320910973,0.445930881,0.287979967,0.453766075,0.350428483,3.18,1
-122.47,37.74,1,0.30156914,0.260590858,0.248956594,0.273729333,0.575257863,3.9070025,1
-122.47,37.75,0.941176471,0.27416367,0.236157562,0.220123817,0.248213921,0.571481948,3.839001667,1
-122.47,37.76,0.894117647,0.315669609,0.364046823,0.291861436,0.377587263,0.338514886,3.545,1
-122.47,37.77,1,0.293124115,0.299331104,0.248539232,0.304960196,0.387666755,3.8255,1
-122.47,37.78,0.997821351,0.252914896,0.274123622,0.246614728,0.292916922,0.346503176,4.081555556,1
-122.47,37.79,1,0.205513784,0.222779636,0.177309405,0.232904674,0.369275849,4.94434,1
-122.47,37.81,0.862745098,0.754603901,0.700111483,0.982888147,0.71218616,0.320832229,5.00001,1
-122.47,37.85,0.352941176,0.209654571,0.329431438,0.182804674,0.33312921,0.266653415,1.404,1
-122.47,37.95,0.294117647,0.410482729,0.466555184,0.413397329,0.497856705,0.383348794,1.875,1
-122.47,37.99,0.411764706,0.792415822,0.557413601,0.513981636,0.584813227,0.772384928,4.392,1
-122.47,38.29,0.254901961,0.40645091,0.470457079,0.265442404,0.473361911,0.228145154,2.08,1
-122.46,37.73,1,0.312465947,0.231605351,0.228244992,0.25183711,0.714945556,4.1627525,1
-122.46,37.74,0.990196078,0.222349352,0.170847269,0.162040902,0.185548071,0.58819242,4.2395,1
-122.46,37.75,0.830065359,0.204315136,0.17744333,0.156928214,0.191875893,0.566444327,4.227336667,1
-122.46,37.76,0.843137255,0.185935854,0.214232627,0.172648859,0.219228414,0.443465265,3.906666667,1
-122.46,37.77,1,0.273128473,0.29877369,0.301335559,0.318432333,0.369274008,4.193,1
-122.46,37.78,0.987745098,0.296461262,0.358347269,0.294736018,0.366350276,0.331368992,3.94275125,1
-122.46,37.79,1,0.223893066,0.212188777,0.179048414,0.22453562,0.428335836,5.00001,1
-122.46,37.88,0.666666667,0.2713305,0.226867336,0.168405676,0.227189222,0.920874194,5.00001,1
-122.46,38.29,0.529411765,0.227797755,0.252508361,0.185100167,0.256582976,0.274008305,2.225,1
-122.45,37.72,0.937908497,0.173113944,0.168246005,0.200855593,0.178914064,0.391675501,2.3135,1
-122.45,37.73,1,0.213904326,0.203827573,0.214454647,0.219840784,0.439243013,2.885,1
-122.45,37.74,0.869281046,0.497875123,0.426049796,0.377365053,0.466217595,0.521505139,3.438,1
-122.45,37.75,0.679738562,0.205477462,0.191936083,0.236853088,0.206981017,0.462279501,3.283333333,1
-122.45,37.76,0.882352941,0.321837202,0.359253066,0.263407763,0.387936314,0.456566393,4.875005,1
-122.45,37.77,1,0.291475973,0.348453177,0.257747287,0.355021433,0.336531772,4.80363,1
-122.45,37.78,0.943977591,0.23719236,0.264930721,0.247764131,0.285014434,0.368998713,4.074858571,1
-122.45,37.79,0.960784314,0.247212233,0.282237087,0.179744018,0.288222086,0.340979032,4.750006667,1
-122.45,37.81,1,0.149613163,0.178372352,0.05884808,0.111451317,0.375795123,5.00001,1
-122.45,37.9,0.568627451,0.40982892,0.398550725,0.268572621,0.385793019,0.882244456,5.00001,1
-122.45,38.01,0.68627451,0.490247358,0.462653289,0.457220367,0.488671157,0.421669317,2.527,1
-122.45,38.27,0.470588235,0.547237659,0.489966555,0.415066778,0.511941212,0.411233324,2.623,1
-122.45,38.28,0.37254902,0.360030511,0.279264214,0.285684474,0.280465401,0.585133404,2.976,1
-122.45,38.3,0.450980392,0.211833933,0.221850613,0.148789649,0.231475811,0.336911388,2.579,1
-122.44,37.71,0.823529412,0.229014565,0.236529171,0.295770729,0.254133497,0.473702035,2.548333333,1
-122.44,37.72,0.977124183,0.213795358,0.227610554,0.263042571,0.243519086,0.371197397,2.600666667,1
-122.44,37.73,0.941176471,0.291075515,0.300557414,0.276126878,0.301285977,0.452745384,2.7522,1
-122.44,37.74,0.620915033,0.310304747,0.310850985,0.266416249,0.33190447,0.447006508,3.456,1
-122.44,37.75,0.800653595,0.338945189,0.399758454,0.269511686,0.420289855,0.431772168,3.648333333,1
-122.44,37.76,0.865196078,0.285918601,0.330406912,0.204846619,0.344611145,0.460720083,3.935875,1
-122.44,37.77,1,0.354568486,0.413391862,0.285371452,0.432409675,0.364120892,4.58625375,1
-122.44,37.78,0.834224599,0.219758883,0.285041046,0.213404917,0.28519735,0.260092644,3.517727273,1
-122.44,37.79,1,0.258281573,0.293687291,0.200725167,0.308864054,0.502996897,4.9610075,1
-122.44,37.8,1,0.256631918,0.294500186,0.160962716,0.276927264,0.456870699,5.000008889,1
-122.44,38.03,0.235294118,0.466601286,0.579710145,0.446786311,0.57256583,0.400764202,1.792,1
-122.43,37.7,0.352941176,0.188623733,0.196209588,0.199081803,0.211879976,0.471651648,2.817,1
-122.43,37.71,0.779411765,0.274790236,0.275501672,0.306709098,0.289957134,0.395474424,2.6985,1
-122.43,37.72,0.964705882,0.287130871,0.303790412,0.366986644,0.316595224,0.336796537,2.5178,1
-122.43,37.73,0.992647059,0.185790563,0.19530379,0.225819073,0.212568892,0.40952022,2.659625,1
-122.43,37.74,1,0.264247575,0.278149387,0.219219533,0.28720147,0.468722392,3.22325,1
-122.43,37.75,0.976470588,0.296567506,0.328595318,0.227900668,0.341396203,0.402064007,3.619,1
-122.43,37.76,1,0.283737294,0.331661093,0.223914858,0.34738868,0.371267338,4.00943,1
-122.43,37.77,1,0.298594312,0.394481605,0.271410684,0.40061237,0.293753865,3.5484,1
-122.43,37.78,0.549019608,0.259598271,0.407469342,0.284710629,0.406613595,0.176587302,2.552333333,1
-122.43,37.79,0.875816993,0.367924643,0.528056485,0.275830087,0.533442199,0.427798392,4.900007778,1
-122.43,37.8,1,0.258084826,0.347206739,0.198038397,0.357351841,0.411063993,4.824114444,1
-122.43,37.81,0.87254902,0.412988994,0.494704571,0.252921536,0.465094917,0.411156021,5.00001,1
-122.42,37.71,0.843137255,0.226435654,0.271460424,0.370617696,0.291488059,0.351488647,2.153,1
-122.42,37.72,0.754901961,0.3733791,0.464604236,0.555926544,0.462339253,0.234450923,2.2875,1
-122.42,37.73,0.849673203,0.246976136,0.259568933,0.298101002,0.267401511,0.377593353,2.587,1
-122.42,37.74,1,0.201421428,0.238634956,0.218558709,0.254881949,0.349169538,2.769666667,1
-122.42,37.75,1,0.197635393,0.280156076,0.246661102,0.285915493,0.262127838,2.9935,1
-122.42,37.76,0.954248366,0.269126924,0.422333705,0.383347245,0.438456828,0.203594497,2.883777778,1
-122.42,37.77,1,0.206040463,0.342995169,0.238870339,0.349357012,0.205828327,3.083333333,1
-122.42,37.78,0.611111111,0.183302459,0.39548495,0.226419032,0.391508471,0.179791722,2.870836667,1
-122.42,37.79,0.859943978,0.322887965,0.566810002,0.370051276,0.569678943,0.246530802,2.614287143,1
-122.42,37.8,0.996434938,0.322654462,0.450744907,0.264873274,0.460279463,0.406096146,4.650733636,1
-122.42,37.81,1,0.142966111,0.175585284,0.097662771,0.151867728,0.424871897,5.00001,1
-122.42,37.93,0.901960784,0.376048818,0.433110368,0.28130217,0.444580527,0.388296228,2.745,1
-122.42,38.27,0.470588235,0.357415277,0.314381271,0.258555927,0.294549908,0.445202756,3.084,1
-122.42,38.31,0.333333333,0.160945843,0.136008919,0.113731219,0.131659522,0.467764378,3.333,1
-122.41,37.7,0.431372549,0.197777051,0.221850613,0.286101836,0.232700551,0.211083135,2.142,1
-122.41,37.71,0.784313725,0.305165087,0.358835006,0.465880634,0.361604409,0.308999249,2.09975,1
-122.41,37.72,0.637254902,0.204315136,0.207915273,0.221097663,0.21463564,0.435103587,2.3955,1
-122.41,37.73,0.803921569,0.256919473,0.260312152,0.293457846,0.271279853,0.362650742,2.6255,1
-122.41,37.74,0.87745098,0.158984418,0.164088629,0.173283598,0.170545009,0.374044748,2.576625,1
-122.41,37.75,0.915686275,0.223689659,0.266499443,0.294616027,0.270055113,0.282564714,2.4042,1
-122.41,37.76,1,0.200127648,0.235706323,0.292421894,0.244160616,0.26564689,2.673,1
-122.41,37.77,1,0.115033962,0.16926793,0.164371174,0.162278016,0.287308213,2.396,1
-122.41,37.78,1,0.128636809,0.290551839,0.252086811,0.268830374,0.173621234,2.03125,1
-122.41,37.79,1,0.30050281,0.495540691,0.313826616,0.48202257,0.244222735,3.603575714,1
-122.41,37.8,0.97124183,0.259634594,0.384169454,0.332665554,0.39220249,0.306941131,3.997270667,1
-122.41,37.81,0.529411765,0.281410047,0.516164994,0.301231219,0.501530925,0.252401935,5.00001,1
-122.41,37.94,1,0.016563147,0.017279822,0.017529215,0.022045315,0.307845216,2.75,1
-122.41,37.98,0.68627451,0.006320148,0.007246377,0.007721202,0.014084507,0.105839738,0.675,1
-122.41,38.07,0.37254902,0.49406124,0.393534002,0.377086811,0.42804654,0.612178638,4.359,1
-122.4,37.68,0.735294118,0.319167484,0.36148272,0.280050083,0.370483772,0.358711017,2.628,1
-122.4,37.71,0.833333333,0.19221968,0.200947603,0.269616027,0.241886099,0.298701299,2.3085,1
-122.4,37.72,0.811764706,0.163800806,0.18361204,0.2360601,0.194243723,0.332469741,2.276,1
-122.4,37.73,0.887254902,0.226953253,0.25738573,0.293666528,0.287048377,0.273969653,2.241,1
-122.4,37.74,0.862745098,0.268061458,0.282608696,0.330133556,0.274341702,0.230817652,2.118,1
-122.4,37.75,0.777777778,0.293414696,0.351913787,0.299526989,0.345376607,0.351981918,2.276333333,1
-122.4,37.76,1,0.230630925,0.257246377,0.201794658,0.260869565,0.383633161,2.83675,1
-122.4,37.77,1,0.015473466,0.03400223,0.220367279,0.040416412,0.430238979,2.25,1
-122.4,37.78,0.803921569,0.044241037,0.091973244,0.061456594,0.076240049,0.175970713,2.3125,1
-122.4,37.79,1,0.12890923,0.366778149,0.209098497,0.38028169,0.105497394,4.5,1
-122.4,37.8,1,0.203043841,0.317168339,0.209794101,0.297611758,0.345403746,4.04167,1
-122.4,37.81,0.215686275,0.146779993,0.19342252,0.110809683,0.203306797,0.804543246,2.5,1
-122.39,37.72,0.797385621,0.168210381,0.174284653,0.21320256,0.17248418,0.199586978,1.933,1
-122.39,37.73,0.926470588,0.255366678,0.253065775,0.291371035,0.269442743,0.285153834,1.9835,1
-122.39,37.74,0.833333333,0.303367113,0.320512821,0.319386477,0.297611758,0.206859042,1.9315,1
-122.39,37.76,1,0.182063855,0.197770346,0.161811352,0.200244948,0.383485732,2.474,1
-122.39,37.78,0.058823529,0.265064836,0.471014493,0.224958264,0.400183711,0.403878434,2.3125,1
-122.39,37.79,1,0.010025063,0.012263099,0.022537563,0.015309247,0.459006979,3.5,1
-122.39,37.8,0.470588235,0.496785442,0.820512821,0.317195326,0.71463564,0.448162382,5.00001,1
-122.39,38,0.62745098,0.004576659,0.002229654,0.00375626,0.005511329,0.40033351,2.125,1
-122.38,37.71,0.901960784,0.118339327,0.104793757,0.115400668,0.100428659,0.416434756,2.071,1
-122.38,37.73,0.426470588,0.336193745,0.410953177,0.436404424,0.411971831,0.155534941,1.81275,1
-122.38,37.76,1,0.026806146,0.036789298,0.024833055,0.030006124,0.109185882,4.5,1
-122.38,37.91,0.333333333,0.381933094,0.395206243,0.254382304,0.412737293,0.502749801,2.698,1
-122.37,37.81,0.490196078,0.589953144,0.581382386,0.944490818,0.587875077,0.253003799,2.5,1
-122.37,37.93,0.784313725,0.210035959,0.262541806,0.25375626,0.281383956,0.089136629,0.6105,1
-122.37,37.94,0.852941176,0.110548109,0.136845039,0.156615192,0.131659522,0.075591925,0.7035,1
-122.37,37.95,0.637254902,0.082216411,0.112597547,0.084098497,0.091243111,0.087364166,0.7885,1
-122.37,37.96,0.705882353,0.171079874,0.22296544,0.217237062,0.213104715,0.026548282,0.686,1
-122.37,38.33,0.549019608,0.203334423,0.161092531,0.158388982,0.172688304,0.477637159,1.951,1
-122.36,37.72,0.176470588,0.051977771,0.068561873,0.073038397,0.064911206,0.243881968,1.804,1
-122.36,37.92,1,0.023210199,0.02173913,0.025250417,0.025107165,0.098617369,1.042,1
-122.36,37.93,0.653594771,0.17939777,0.201783724,0.210350584,0.209634619,0.19364564,0.982333333,1
-122.36,37.94,0.694117647,0.136013948,0.162987737,0.169156928,0.162522964,0.139453574,0.8336,1
-122.36,37.95,0.738562092,0.091169954,0.11761427,0.124443517,0.124311084,0.170027535,0.854,1
-122.36,37.96,0.633986928,0.085249355,0.11965812,0.162075682,0.113900796,0.096349795,0.974666667,1
-122.36,38.03,0.607843137,0.235044132,0.217948718,0.203672788,0.224739743,0.421569927,1.754,1
-122.35,37.91,0.058823529,0.310450038,0.443701226,0.267111853,0.434782609,0.418499867,1.868,1
-122.35,37.92,0.68627451,0.100141658,0.110367893,0.121035058,0.14329455,0.157092058,0.94,1
-122.35,37.93,0.602941176,0.152310123,0.186315496,0.186456594,0.187385181,0.195191713,1.05025,1
-122.35,37.94,0.803921569,0.191093676,0.226867336,0.24993044,0.232904674,0.198769768,1.02,1
-122.35,37.95,0.751633987,0.220478733,0.243403939,0.283458542,0.260461319,0.287724181,1.121666667,1
-122.35,37.96,0.631372549,0.192328648,0.248606466,0.264148581,0.244213105,0.188746797,1.0332,1
-122.35,37.97,0.705882353,0.276016127,0.324136009,0.379695326,0.339252909,0.265333731,1.13,1
-122.35,37.98,0.647058824,0.409066144,0.403567447,0.465776294,0.418860992,0.359605531,1.329,1
-122.35,38.3,0.333333333,0.406777814,0.309364548,0.312813022,0.317819963,0.566580528,2.431,1
-122.34,37.88,0.705882353,0.333333333,0.517279822,0.532345576,0.564605021,0.136672851,3.5,1
-122.34,37.93,0.679738562,0.258726526,0.299702713,0.298274903,0.299040621,0.173428895,0.984666667,1
-122.34,37.94,0.784313725,0.218998583,0.247352285,0.189795492,0.262094305,0.261935131,1.4325,1
-122.34,37.95,0.803921569,0.17232211,0.182831661,0.176252087,0.186895285,0.30111759,1.2992,1
-122.34,37.96,0.450980392,0.4522175,0.600334448,0.481844741,0.5955297,0.206373134,1.1845,1
-122.34,37.97,0.352941176,0.143020595,0.190914158,0.178944073,0.19228414,0.407555879,1.1535,1
-122.34,37.98,0.62745098,0.219243762,0.227424749,0.281510851,0.260257195,0.38402244,1.313,1
-122.34,37.99,0.803921569,0.166612183,0.180602007,0.264190317,0.229638702,0.233766234,0.851,1
-122.33,37.89,0.803921569,0.146017217,0.161092531,0.1139399,0.161665646,0.444705804,2.074,1
-122.33,37.91,0.68627451,0.212705677,0.28483835,0.298831386,0.268218004,0.069032158,0.938,1
-122.33,37.92,0.490196078,0.423340961,0.433110368,0.523163606,0.451928965,0.191072533,1.224,1
-122.33,37.93,0.578431373,0.244088482,0.248327759,0.267737896,0.269136558,0.240927865,1.009,1
-122.33,37.94,0.847058824,0.183894519,0.189074693,0.15509182,0.197428047,0.333951763,1.4254,1
-122.33,37.95,0.740196078,0.186498856,0.218088071,0.194125626,0.231475811,0.306086558,1.3595,1
-122.33,37.96,0.882352941,0.132941048,0.130434783,0.169866444,0.152480098,0.376789027,1.294,1
-122.33,37.97,0.607843137,0.388416694,0.475752508,0.38783389,0.477342315,0.32351577,1.448,1
-122.33,37.98,0.323529412,0.262231666,0.247491639,0.225166945,0.267911819,0.52043025,1.6255,1
-122.33,37.99,0.058823529,0.435545385,0.600334448,0.33096828,0.541947336,0.37670068,1.125,1
-122.33,38,0.666666667,0.411572409,0.395206243,0.519198664,0.414574403,0.273677003,1.09,1
-122.33,38.21,0.62745098,0.219570666,0.205128205,0.196994992,0.208205756,0.455550402,2.286,1
-122.33,38.29,0.254901961,0.385638008,0.27703456,0.328046745,0.279853031,0.533969432,2.699,1
-122.33,38.31,0.254901961,0.738367658,0.526755853,0.576585977,0.61971831,0.628964573,2.589,1
-122.33,38.33,0.274509804,0.347717119,0.259754738,0.270868114,0.259644825,0.530280944,2.026,1
-122.32,37.69,0.921568627,0.064291163,0.066889632,0.06990818,0.086344152,0.603642106,3.152,1
-122.32,37.91,0.647058824,0.290617849,0.359531773,0.278797997,0.338640539,0.236328298,1.196,1
-122.32,37.92,0.496732026,0.292978824,0.295429208,0.315317195,0.326597265,0.373479695,1.522,1
-122.32,37.93,0.718954248,0.162979914,0.142883686,0.120895938,0.149826495,0.376520305,1.522333333,1
-122.32,37.94,0.836601307,0.238167883,0.20327016,0.202072899,0.226576852,0.51604971,2.145333333,1
-122.32,37.95,0.68627451,0.178634993,0.175771089,0.162771285,0.188405797,0.36359219,1.759,1
-122.32,37.96,0.558823529,0.206712433,0.210702341,0.178213689,0.214941825,0.354321274,1.5825,1
-122.32,37.97,0.60130719,0.184955141,0.174656262,0.191569282,0.202694427,0.429447537,1.505666667,1
-122.32,37.99,0.450980392,0.529911736,0.538461538,0.482053422,0.545621555,0.418025002,1.735,1
-122.32,38,0.607843137,0.247684428,0.220178372,0.256260434,0.254745867,0.391355243,1.628,1
-122.32,38.01,0.490196078,0.332570557,0.273132664,0.310934891,0.302510716,0.463214507,1.711,1
-122.32,38.06,0.058823529,0.871417675,0.896878484,0.749373957,0.853643601,0.507664105,1.742,1
-122.32,38.12,0.215686275,0.586248229,0.516164994,0.818656093,0.562767912,0.538762258,1.506,1
-122.32,38.29,0.392156863,0.174893756,0.197324415,0.172996661,0.214329455,0.207482993,1.779,1
-122.32,38.32,0.418300654,0.2945407,0.267001115,0.28679744,0.288222086,0.49284021,1.927666667,1
-122.32,38.33,0.31372549,0.092513893,0.064659978,0.076168614,0.074096754,0.506648114,2.093,1
-122.31,37.58,0.843137255,0.216628528,0.245261984,0.23706177,0.258420086,0.3831721,2.583,1
-122.31,37.6,0.647058824,0.351204097,0.403567447,0.407554257,0.400489896,0.351311953,2.73,1
-122.31,37.91,0.754901961,0.29563038,0.331800446,0.267633556,0.355633803,0.310423845,1.85525,1
-122.31,37.92,0.583333333,0.170725727,0.204988852,0.15812813,0.207440294,0.310006957,2.0285,1
-122.31,37.93,0.705882353,0.233482256,0.191192865,0.171814135,0.20534803,0.456179875,2.672666667,1
-122.31,37.94,0.725490196,0.215865751,0.208472687,0.18207429,0.218922229,0.399234694,1.928,1
-122.31,37.99,0.470588235,0.708946279,0.632664437,0.679048414,0.660747091,0.412459139,1.578,1
-122.31,38,0.519607843,0.372616323,0.326365663,0.353192821,0.350581751,0.439222767,1.8095,1
-122.31,38.01,0.333333333,0.449057426,0.48606466,0.394407346,0.471524801,0.306564184,1.95,1
-122.31,38.27,0.647058824,0.190258254,0.157190635,0.162353923,0.184323331,0.426119799,1.944,1
-122.31,38.3,0.666666667,0.376048818,0.388795987,0.356844741,0.40691978,0.359136187,1.5665,1
-122.31,38.31,0.607843137,0.280592786,0.254180602,0.243530885,0.272504593,0.373233059,1.755,1
-122.31,38.32,0.647058824,0.351748938,0.328595318,0.344219533,0.356399265,0.330732618,1.498,1
-122.31,38.33,0.441176471,0.221913479,0.189241918,0.208368114,0.21524801,0.365403304,1.79,1
-122.31,38.34,0.352941176,0.456031383,0.380156076,0.380217028,0.369259032,0.444981889,2.104,1
-122.3,37.57,0.68627451,0.238367658,0.218506132,0.244991653,0.235456216,0.48728355,2.735,1
-122.3,37.77,0.803921569,0.221858995,0.204013378,0.424040067,0.216166565,0.23685838,2,1
-122.3,37.81,0.968627451,0.110689768,0.120512821,0.106594324,0.108144519,0.112845658,0.7948,1
-122.3,37.86,0.960784314,0.054157132,0.0696767,0.05884808,0.077158604,0.248487057,1.406,1
-122.3,37.87,0.588235294,0.197341179,0.240523969,0.199603506,0.23882425,0.187268089,1.474,1
-122.3,37.88,0.91503268,0.090915695,0.113898179,0.12493044,0.119208002,0.168315811,1.570333333,1
-122.3,37.89,0.85620915,0.13944281,0.180602007,0.134808013,0.187793427,0.309663692,2.130666667,1
-122.3,37.9,0.620915033,0.261269115,0.318190264,0.235461881,0.332720963,0.296115308,2.041166667,1
-122.3,37.91,0.754901961,0.302277433,0.329431438,0.256051753,0.350275566,0.307911476,2.0475,1
-122.3,37.92,0.617647059,0.302604337,0.24303233,0.232053422,0.274035517,0.505140693,2.803,1
-122.3,37.93,0.647058824,0.245396099,0.197881828,0.148163606,0.186160441,0.441746179,3.04,1
-122.3,37.97,0.62745098,0.31560786,0.310479376,0.27017251,0.307001429,0.333138234,1.661333333,1
-122.3,37.98,0.470588235,0.414623515,0.448160535,0.378964942,0.483772198,0.348076243,1.643,1
-122.3,38,0.647058824,0.186335404,0.175585284,0.19845576,0.207593386,0.435053892,1.62,1
-122.3,38.25,0.333333333,0.386400785,0.489409142,0.30696995,0.4268218,0.355475307,1.634,1
-122.3,38.27,0.058823529,0.114307508,0.14548495,0.093906511,0.150642988,0.346651648,1.302,1
-122.3,38.28,0.588235294,0.177726926,0.175027871,0.195951586,0.182486222,0.320015019,1.587,1
-122.3,38.29,0.632352941,0.204287894,0.229654404,0.212698247,0.237905695,0.252056829,1.47975,1
-122.3,38.3,0.745098039,0.215030329,0.237643999,0.20040345,0.245152072,0.266918456,1.496666667,1
-122.3,38.31,0.647058824,0.19559769,0.219063545,0.241444073,0.248009798,0.326342875,1.375,1
-122.3,38.32,0.37254902,0.224583197,0.269788183,0.217028381,0.280465401,0.221265129,1.532,1
-122.3,38.33,0.274509804,0.516399695,0.531772575,0.425292154,0.52296387,0.407092058,1.836,1
-122.29,37.56,0.516339869,0.325669246,0.349684132,0.263772955,0.370279649,0.542082634,3.115333333,1
-122.29,37.76,0.333333333,0.312847336,0.42419175,0.258347245,0.404776485,0.515758901,2.654,1
-122.29,37.78,0.803921569,0.135011442,0.171125975,0.170283806,0.182486222,0.159333863,1.022,1
-122.29,37.8,1,0.111692274,0.134894091,0.101627713,0.088793631,0.232960067,0.813,1
-122.29,37.81,0.730392157,0.118284843,0.140050167,0.131886477,0.133037355,0.081694772,0.981875,1
-122.29,37.82,0.480392157,0.015745886,0.018952062,0.017737896,0.023270055,0.424120947,0.675,1
-122.29,37.83,1,0.121935273,0.116499443,0.114565943,0.113288426,0.319484937,0.757,1
-122.29,37.84,0.666666667,0.203770295,0.232441472,0.211185309,0.252296387,0.188919074,1.325,1
-122.29,37.85,1,0.051759834,0.065217391,0.044449082,0.063686467,0.228410195,1.2,1
-122.29,37.86,0.980392157,0.225890814,0.280657748,0.225271285,0.285058175,0.162508835,1.537,1
-122.29,37.87,0.937254902,0.190585159,0.252285396,0.200709516,0.26625842,0.258909798,1.7182,1
-122.29,37.88,0.952941176,0.202026806,0.223188406,0.171828047,0.230863442,0.32936876,2.0714,1
-122.29,37.89,1,0.225273328,0.226031215,0.186039232,0.23821188,0.408292105,2.4295,1
-122.29,37.9,0.980392157,0.201155062,0.184875511,0.159015025,0.205143907,0.427017993,2.608666667,1
-122.29,37.91,0.790849673,0.245359776,0.203084355,0.169309961,0.217391304,0.48806947,2.663,1
-122.29,37.92,0.653594771,0.136682285,0.102378298,0.096688926,0.110838947,0.624293224,3.335333333,1
-122.29,37.94,0.37254902,0.825542116,0.793756968,0.757929883,0.832823025,0.434976588,1.9,1
-122.29,37.97,0.37254902,0.37310668,0.351170569,0.314482471,0.353949786,0.440763318,2.274,1
-122.29,37.98,0.509803922,0.232210962,0.192307692,0.176335559,0.213104715,0.508514445,2.098,1
-122.29,38,0.294117647,0.543096873,0.601449275,0.584307179,0.62094305,0.389290132,1.732,1
-122.29,38.19,0.235294118,0.769641495,0.700668896,0.805300501,0.746478873,0.46904541,1.486,1
-122.29,38.28,0.725490196,0.251280375,0.235785953,0.264398998,0.247397428,0.343272374,1.342,1
-122.29,38.29,1,0.350332353,0.412486065,0.34745409,0.409675444,0.214230497,1.631,1
-122.29,38.3,1,0.083251607,0.104050539,0.085976628,0.108593591,0.110717231,1.642333333,1
-122.29,38.31,0.666666667,0.435763321,0.489130435,0.457116027,0.525719535,0.221132609,1.5135,1
-122.29,38.32,0.431372549,0.469652392,0.552396878,0.482470785,0.57072872,0.250331301,1.532,1
-122.28,37.55,0.31372549,0.457339,0.349498328,0.420492487,0.384568279,0.620958124,3.757,1
-122.28,37.75,0.37254902,0.125749155,0.202341137,0.120617696,0.198407838,0.297873045,1,1
-122.28,37.77,0.754901961,0.297537322,0.399108138,0.288084307,0.400796081,0.315785405,2.318,1
-122.28,37.78,0.960784314,0.161817587,0.169453735,0.151293823,0.199020208,0.222413641,2.19,1
-122.28,37.79,0.568627451,0.451454724,0.483277592,0.764398998,0.5223515,0.225781871,2.75,1
-122.28,37.8,0.908496732,0.035923141,0.053511706,0.099053979,0.055317412,0.07835277,1.437666667,1
-122.28,37.81,0.666666667,0.118679852,0.148272018,0.122026294,0.149571341,0.117719653,1.27175,1
-122.28,37.82,1,0.135534488,0.159643255,0.153422371,0.153092468,0.089707571,0.8474,1
-122.28,37.83,1,0.251443827,0.334169454,0.262312187,0.356399265,0.171735577,1.154,1
-122.28,37.84,0.975490196,0.187207148,0.219063545,0.184526294,0.220300061,0.144094001,1.196,1
-122.28,37.85,0.927170868,0.147776273,0.165074056,0.144198664,0.174262969,0.196938144,1.228142857,1
-122.28,37.86,0.960784314,0.229860365,0.26469183,0.209873599,0.274341702,0.241917825,1.668714286,1
-122.28,37.87,0.950980392,0.189749737,0.228818283,0.164092933,0.242600531,0.253051654,1.967333333,1
-122.28,37.88,1,0.173586139,0.170011148,0.139329438,0.182588283,0.363570103,2.474,1
-122.28,37.89,1,0.223874905,0.191053512,0.158284641,0.202388242,0.494826177,2.95025,1
-122.28,37.9,0.985294118,0.248746867,0.196906355,0.167779633,0.2134109,0.567604802,3.32725,1
-122.28,37.91,0.810457516,0.275580255,0.208472687,0.175848637,0.224331496,0.669773537,3.380333333,1
-122.28,37.96,0.666666667,0.17184265,0.134336678,0.152128548,0.160440906,0.552179963,2.01,1
-122.28,37.99,0.529411765,0.413969707,0.345596433,0.344115192,0.348438457,0.427941956,1.933,1
-122.28,38,0.490196078,0.254222513,0.22909699,0.203464107,0.254133497,0.325470448,1.789,1
-122.28,38.22,0.803921569,0.01133268,0.008918618,0.00730384,0.014084507,0.775223076,2.75,1
-122.28,38.29,0.392156863,0.10488177,0.138238573,0.129486644,0.147581139,0.178035825,2.326,1
-122.28,38.3,0.431372549,0.05709927,0.08361204,0.050083472,0.078383344,0.167141532,1.425,1
-122.28,38.31,1,0.006102212,0.008918618,0.008973289,0.012247397,0.139157611,1.667,1
-122.28,38.32,0.215686275,0.502015909,0.559085842,0.477462437,0.586650337,0.326265571,1.945,1
-122.28,38.34,0.843137255,0.115942029,0.104793757,0.085767947,0.105327618,0.346651648,3.04,1
-122.27,37.54,0.215686275,0.296865352,0.239502044,0.252643294,0.255358236,0.765968725,4.528336667,1
-122.27,37.55,0.284313725,0.367385856,0.30490524,0.275563439,0.319350888,0.765841726,4.1075,1
-122.27,37.56,0.196078431,0.442846246,0.563545151,0.349853923,0.575933864,0.532136231,3.0715,1
-122.27,37.73,0.588235294,0.630162362,0.767558528,0.619365609,0.802204532,0.305791148,2.31,1
-122.27,37.74,0.529411765,0.752642476,0.865105909,0.61957429,0.907532149,0.35201873,3.539,1
-122.27,37.77,0.88627451,0.299662199,0.341694537,0.272954925,0.356766687,0.397755986,2.6896,1
-122.27,37.78,0.774509804,0.158303367,0.185897436,0.157032554,0.198101653,0.377029221,2.322,1
-122.27,37.79,0.509803922,0.11474338,0.192307692,0.148789649,0.183710961,0.235831346,1.875,1
-122.27,37.8,0.553921569,0.083224365,0.157051282,0.137103506,0.144672382,0.114782114,2.4480025,1
-122.27,37.81,0.647058824,0.071156151,0.157748049,0.09015025,0.155133701,0.051683011,1.312666667,1
-122.27,37.82,0.764705882,0.173549817,0.268766258,0.213724263,0.261073689,0.097457814,1.195666667,1
-122.27,37.83,0.946078431,0.199547782,0.229375697,0.185152337,0.228873239,0.129456003,1.04075,1
-122.27,37.84,0.984313725,0.212771058,0.224303233,0.190525876,0.223515003,0.185667904,1.239,1
-122.27,37.85,0.933333333,0.181758745,0.201059086,0.162625209,0.202143295,0.166347513,1.5233,1
-122.27,37.86,0.988235294,0.17522066,0.208584169,0.160893155,0.215431721,0.228275466,2.112,1
-122.27,37.87,0.794117647,0.248147543,0.363015608,0.242487479,0.376760563,0.197300998,2.2675,1
-122.27,37.88,0.909803922,0.277149395,0.360423634,0.224916528,0.369871402,0.28817475,2.789,1
-122.27,37.89,1,0.278159166,0.190635452,0.184752365,0.201265564,0.736203139,3.790666667,1
-122.27,37.9,0.950980392,0.206085867,0.146181717,0.133138564,0.154929577,0.681768487,3.81525,1
-122.27,37.91,0.901960784,0.210090444,0.174470457,0.14336394,0.180036742,0.64791501,3.155,1
-122.27,37.98,0.431372549,0.376266754,0.265886288,0.285893155,0.289038579,0.610588391,2.186,1
-122.27,37.99,0.294117647,0.536013948,0.409698997,0.481427379,0.442743417,0.595238095,2.432,1
-122.27,38,0.245098039,0.152773237,0.112597547,0.159745409,0.124617269,0.607363725,2.445,1
-122.27,38.04,0.901960784,0.183393266,0.224637681,0.173205342,0.226576852,0.199929322,1.345,1
-122.27,38.12,0.833333333,0.52767789,0.603121516,0.544970785,0.580220453,0.244688135,1.159,1
-122.27,38.28,0.705882353,0.127274709,0.167781494,0.158806344,0.183710961,0.238746797,1.362,1
-122.27,38.29,0.529411765,0.2894192,0.30574136,0.287562604,0.326086957,0.283991519,1.5285,1
-122.27,38.31,0.843137255,0.329955323,0.327201784,0.285475793,0.355174525,0.265648467,1.552,1
-122.27,38.32,0.588235294,0.137844612,0.176700111,0.112687813,0.180649112,0.165065377,2.068,1
-122.26,37.53,0.058823529,0.570011986,0.617056856,0.351627713,0.554194734,0.629560915,3.118,1
-122.26,37.54,0.171568627,0.230058843,0.20206243,0.184213272,0.204225352,0.7365326,4.0527525,1
-122.26,37.55,0.31372549,0.321074425,0.344202899,0.272746244,0.370789957,0.533500088,4.719005,1
-122.26,37.56,0.431372549,0.793396535,0.746934225,0.708263773,0.793631353,0.570765969,3.91,1
-122.26,37.57,0.431372549,0.870981802,0.697881828,0.726001669,0.732394366,0.67308287,4.04,1
-122.26,37.77,1,0.183102684,0.196488294,0.149902615,0.202694427,0.334975116,2.960666667,1
-122.26,37.78,1,0.109567397,0.125975474,0.105801336,0.128597673,0.290733501,1.9605,1
-122.26,37.8,0.37254902,0.2583633,0.433110368,0.345158598,0.412737293,0.131747504,1.15,1
-122.26,37.81,0.549019608,0.036286368,0.058528428,0.041110184,0.054500919,0.166346409,1.25,1
-122.26,37.82,0.617647059,0.341260761,0.539715719,0.329351002,0.54531537,0.155004859,1.836,1
-122.26,37.83,0.991596639,0.166767851,0.224080268,0.16360601,0.228588925,0.215642472,1.688571429,1
-122.26,37.84,0.941176471,0.155671788,0.190078038,0.143781302,0.19167177,0.20396899,1.7686,1
-122.26,37.85,0.993464052,0.282681341,0.308900037,0.239948525,0.329761176,0.25496952,2.242666667,1
-122.26,37.86,1,0.36878428,0.403939056,0.291597106,0.409267197,0.284716701,2.628666667,1
-122.26,37.87,1,0.210090444,0.380434783,0.526711185,0.396509492,0.087645773,2.0835,1
-122.26,37.88,1,0.237811921,0.280156076,0.230843072,0.289283527,0.40835542,3.532,1
-122.26,37.89,1,0.369401765,0.284559643,0.229549249,0.294549908,0.666136585,3.5655,1
-122.26,37.9,0.852941176,0.225727362,0.170011148,0.166736227,0.197795468,0.812803693,3.643,1
-122.26,37.98,0.529411765,0.221858995,0.182274247,0.196577629,0.212492345,0.509972171,1.98,1
-122.26,38,0.14379085,0.336892957,0.259568933,0.322203673,0.276587059,0.521689195,2.299333333,1
-122.26,38.02,0.078431373,0.41887327,0.437012263,0.427378965,0.437232088,0.502186589,1.848,1
-122.26,38.03,0.62745098,0.210635284,0.178093645,0.174248748,0.195039804,0.407616618,1.7695,1
-122.26,38.04,0.784313725,0.273509862,0.299331104,0.244991653,0.292712799,0.242302765,1.23,1
-122.26,38.1,0.509803922,0.246594748,0.403846154,0.259077629,0.420085732,0.081963954,1.1395,1
-122.26,38.11,1,0.178707639,0.223337049,0.166805787,0.204939784,0.179598463,1.006333333,1
-122.26,38.12,0.529411765,0.337801024,0.408026756,0.337646077,0.390079608,0.287414966,1.037,1
-122.26,38.13,0.529411765,0.334531982,0.439241918,0.285893155,0.43049602,0.125552169,0.912,1
-122.26,38.14,0.647058824,0.104718318,0.087513935,0.080759599,0.106552358,0.388252054,1.347,1
-122.26,38.15,0.392156863,0.41495042,0.38851728,0.543405676,0.421004287,0.417274052,1.228,1
-122.26,38.16,0.431372549,0.309251389,0.272575251,0.329924875,0.28413962,0.390250906,1.304,1
-122.26,38.28,0.450980392,0.308270677,0.2787068,0.304048414,0.306797306,0.441746179,1.583,1
-122.26,38.29,0.176470588,0.105372126,0.088071349,0.099540902,0.109001837,0.671437406,2.181,1
-122.26,38.31,0.62745098,0.492099815,0.391304348,0.36957429,0.408450704,0.523953088,2.811,1
-122.26,38.33,0.647058824,0.222948676,0.175027871,0.16172788,0.162278016,0.586966605,3.392,1
-122.25,37.52,0.254901961,0.160183066,0.161092531,0.181761269,0.177587263,0.426219189,3.66,1
-122.25,37.53,0.294117647,0.482292688,0.369007804,0.348914858,0.38028169,0.793632388,4.225,1
-122.25,37.56,0.352941176,0.868911409,0.782608696,0.716193656,0.818126148,0.567596519,4.303,1
-122.25,37.74,0.470588235,0.208346954,0.202341137,0.186143573,0.23759951,0.436909179,2.062,1
-122.25,37.76,1,0.31317424,0.360089186,0.278589316,0.385793019,0.338711459,2.529,1
-122.25,37.77,0.970588235,0.227870401,0.26189149,0.21327212,0.274545826,0.316580528,2.217,1
-122.25,37.79,0.924836601,0.095891904,0.139539205,0.164440735,0.144111043,0.201166181,1.123,1
-122.25,37.8,0.781512605,0.257133517,0.393295111,0.297758168,0.401014784,0.181090896,1.895857143,1
-122.25,37.81,0.784313725,0.335058661,0.487086585,0.284501948,0.484282507,0.272552419,2.6615,1
-122.25,37.82,0.725490196,0.326751662,0.427090301,0.279799666,0.450949173,0.39861516,2.6034,1
-122.25,37.83,0.916666667,0.257437071,0.330406912,0.204194491,0.34614207,0.299651029,2.33225,1
-122.25,37.84,1,0.333514947,0.34875511,0.263425153,0.38150643,0.330219101,2.672333333,1
-122.25,37.85,1,0.138534743,0.134150873,0.105801336,0.135741988,0.442706953,3.177333333,1
-122.25,37.86,0.984313725,0.237027351,0.236677815,0.211101836,0.243110839,0.437821362,4.2116,1
-122.25,37.87,0.897058824,0.115669609,0.1803233,0.302326795,0.193508879,0.218219918,4.0150025,1
-122.25,37.89,0.764705882,0.253605027,0.205499814,0.164092933,0.219024291,0.696170893,3.542,1
-122.25,38,0.294117647,0.324288983,0.227982163,0.318447412,0.243723209,0.662680007,2.377,1
-122.25,38.02,0.294117647,0.196251498,0.147714604,0.196368948,0.161665646,0.574277763,2.051,1
-122.25,38.03,0.274509804,0.363517489,0.295429208,0.381677796,0.317207593,0.566459051,1.976,1
-122.25,38.05,0.568627451,0.136536995,0.164437012,0.161519199,0.186772811,0.129958477,1.477,1
-122.25,38.09,0.921568627,0.090552468,0.10367893,0.135016694,0.099816289,0.192353565,0.879,1
-122.25,38.1,1,0.161436199,0.192168339,0.151659015,0.186925903,0.212466318,1.161,1
-122.25,38.11,0.970588235,0.283698376,0.335841695,0.275459098,0.328842621,0.210437097,1.005,1
-122.25,38.12,0.901960784,0.145690313,0.164994426,0.164649416,0.173913043,0.230431133,1.098,1
-122.25,38.15,0.450980392,0.317641931,0.301560758,0.390859766,0.323943662,0.353553759,1.236,1
-122.25,38.16,0.31372549,0.485670698,0.525083612,0.377086811,0.542559706,0.269193392,1.067,1
-122.25,38.17,0.647058824,0.084559224,0.075250836,0.083681135,0.082057563,0.41916247,1.213,1
-122.24,37.55,0.039215686,0.671461262,0.653846154,0.45763773,0.595835885,0.689261419,4.359,1
-122.24,37.73,0.392156863,0.765936581,0.69509476,0.610392321,0.755052051,0.444098419,2.284,1
-122.24,37.75,0.509803922,0.441211725,0.418617614,0.311769616,0.486834048,0.482728156,2.866,1
-122.24,37.76,0.988235294,0.261109295,0.280824972,0.214440735,0.286221678,0.331590688,2.4214,1
-122.24,37.77,0.941176471,0.13849842,0.167038276,0.134668893,0.174729537,0.263984598,2.032666667,1
-122.24,37.79,0.796078431,0.147390215,0.20780379,0.24115192,0.200367422,0.215032247,1.1086,1
-122.24,37.8,0.977591036,0.182661623,0.231724797,0.214673265,0.236462252,0.210863845,1.546428571,1
-122.24,37.81,1,0.230946933,0.231326644,0.176836394,0.248622168,0.443616927,2.8438,1
-122.24,37.82,1,0.314154953,0.276291342,0.248539232,0.301285977,0.496432989,3.292333333,1
-122.24,37.83,0.928104575,0.246122553,0.178000743,0.158597663,0.186364564,0.679922402,4.318333333,1
-122.24,37.84,1,0.384330391,0.31884058,0.24457429,0.338640539,0.516542981,3.895,1
-122.24,37.85,0.926470588,0.221504849,0.149804905,0.148215776,0.165186773,0.741380643,3.9455025,1
-122.24,37.86,1,0.181540809,0.124303233,0.106844741,0.129822413,0.811931266,5.00001,1
-122.24,38.01,0.245098039,0.317696415,0.244147157,0.322725376,0.262706675,0.596154696,2.525,1
-122.24,38.07,0.235294118,0.593767026,0.664437012,0.616026711,0.660747091,0.233004241,1.625,1
-122.24,38.1,0.941176471,0.201481966,0.197324415,0.176126878,0.186772811,0.269822864,1.035,1
-122.24,38.11,0.934640523,0.21423123,0.219992568,0.203324986,0.228822209,0.318421091,1.182333333,1
-122.24,38.12,0.774509804,0.249972758,0.209308807,0.188960768,0.233312921,0.403182702,1.5965,1
-122.24,38.13,0.705882353,0.350986161,0.313266444,0.275459098,0.328842621,0.396887976,1.269,1
-122.24,38.15,0.176470588,0.742617413,0.661092531,0.86769616,0.693815064,0.436544748,1.441,1
-122.24,38.25,0.62745098,0.022992263,0.018952062,0.017946578,0.018983466,0.487763937,1.875,1
-122.24,38.31,0.725490196,0.210962188,0.166666667,0.170701169,0.173300674,0.619423094,2.808,1
-122.23,37.75,0.960784314,0.167810831,0.159977703,0.135434057,0.162890386,0.382465324,2.4,1
-122.23,37.76,1,0.224746649,0.183667781,0.164510295,0.199326393,0.501063845,2.978,1
-122.23,37.77,1,0.083741964,0.106187291,0.105488314,0.103796693,0.270098949,1.308,1
-122.23,37.78,0.933333333,0.13228724,0.212486065,0.28009182,0.217146356,0.180850782,1.0042,1
-122.23,37.79,0.798319328,0.204579772,0.234591495,0.307983544,0.243023358,0.170255765,1.175714286,1
-122.23,37.8,0.990196078,0.155896989,0.198810851,0.172474958,0.201775873,0.202966251,1.5105,1
-122.23,37.81,1,0.238131561,0.16350799,0.162493044,0.166768728,0.723650499,3.579,1
-122.23,37.82,1,0.253786641,0.161649944,0.16183222,0.166564605,0.879886695,4.830505,1
-122.23,37.83,1,0.3255966,0.210144928,0.196577629,0.219840784,0.814703154,5.00001,1
-122.23,37.84,0.931372549,0.30979623,0.236622074,0.214732888,0.261481935,0.560263716,3.376,1
-122.23,37.85,1,0.304892666,0.227982163,0.220367279,0.245560318,0.645319816,3.736,1
-122.23,37.88,0.784313725,0.095673968,0.070791527,0.06615192,0.075933864,0.864177489,4.526,1
-122.23,38.05,1,0.188950637,0.198439242,0.132095159,0.180649112,0.226588038,1.471,1
-122.23,38.06,1,0.146888962,0.147157191,0.101210351,0.156154317,0.289899726,1.711,1
-122.23,38.09,0.490196078,0.478914678,0.554626533,0.528797997,0.589712186,0.219498189,0.9,1
-122.23,38.1,0.892156863,0.296502125,0.32580825,0.30509182,0.340477648,0.221817298,0.928,1
-122.23,38.11,0.901960784,0.327449057,0.2909699,0.239357262,0.296387018,0.386529287,1.415,1
-122.23,38.12,0.941176471,0.29563038,0.241360089,0.208889816,0.261481935,0.412017404,1.458,1
-122.23,38.13,0.549019608,0.561403509,0.603121516,0.512103506,0.622780159,0.305515063,1.429,1
-122.23,38.14,0.68627451,0.153644982,0.143812709,0.164232053,0.162890386,0.199410284,0.904,1
-122.23,38.15,0.62745098,0.136319059,0.13154961,0.156093489,0.14329455,0.138715876,0.864,1
-122.23,38.33,0.588235294,0.374632233,0.31884058,0.31990818,0.327617881,0.556243926,3.259,1
-122.22,37.77,0.921568627,0.073226545,0.099777035,0.133416806,0.107368851,0.203893895,1.020666667,1
-122.22,37.78,0.917647059,0.217260543,0.29877369,0.368071786,0.294549908,0.16954678,1.1876,1
-122.22,37.79,0.849673203,0.263030765,0.306763285,0.341784919,0.314145744,0.266357084,1.349666667,1
-122.22,37.8,1,0.260942211,0.272017837,0.234557596,0.28781384,0.343673617,2.223666667,1
-122.22,37.81,1,0.268551814,0.223522854,0.185517529,0.235915493,0.610185308,3.09,1
-122.22,37.84,0.960784314,0.319603356,0.262541806,0.214106845,0.292100429,0.773047531,2.952,1
-122.22,37.85,0.529411765,0.575896262,0.583054627,0.42278798,0.584200857,0.54743131,3.373,1
-122.22,37.86,0.392156863,0.77334641,0.615384615,0.5,0.695652174,0.861549165,3.585,1
-122.22,37.88,0.37254902,0.010134031,0.00613155,0.00542571,0.007960808,0.214738493,4.75,1
-122.22,38.08,0.705882353,0.499945516,0.476588629,0.608305509,0.508266993,0.324244633,0.948,1
-122.22,38.09,0.901960784,0.235262068,0.244147157,0.200542571,0.219228414,0.195854316,0.887,1
-122.22,38.1,0.794117647,0.23812248,0.232023411,0.220732471,0.249693815,0.291150389,1.069,1
-122.22,38.11,0.823529412,0.211071156,0.195652174,0.200959933,0.23882425,0.296503666,1.127,1
-122.21,37.48,0.607843137,0.122044241,0.164437012,0.228575403,0.186772811,0.268420355,2.342666667,1
-122.21,37.49,0.450980392,0.275253351,0.526755853,0.507512521,0.52602572,0.195986836,2.25,1
-122.21,37.52,0.333333333,0.322545494,0.525641026,0.340984975,0.519902021,0.247371676,0.875,1
-122.21,37.76,1,0.154516727,0.173913043,0.225375626,0.182486222,0.138561269,0.806,1
-122.21,37.77,0.926470588,0.097499183,0.142279822,0.147381052,0.139161053,0.258376403,0.92025,1
-122.21,37.78,0.913165266,0.155170535,0.189839146,0.214971381,0.206018721,0.212211137,1.279,1
-122.21,37.79,0.815686275,0.185659802,0.221404682,0.234724541,0.226944274,0.257891598,1.3724,1
-122.21,37.8,0.849673203,0.253096509,0.283259012,0.239983306,0.295468463,0.307418205,1.956833333,1
-122.21,37.81,1,0.151138716,0.117056856,0.105383973,0.135946111,0.523489266,2.964,1
-122.21,37.82,1,0.258581236,0.184503902,0.168614357,0.213104715,0.723893453,3.314,1
-122.21,37.83,0.705882353,0.547673532,0.406354515,0.337333055,0.433557869,0.742788674,3.724,1
-122.21,37.84,0.745098039,0.351857906,0.301839465,0.259599332,0.333435395,0.66671084,3.091,1
-122.21,38.02,0.274509804,0.234063419,0.18115942,0.227253756,0.197183099,0.609870572,1.985,1
-122.21,38.06,1,0.297809742,0.310479376,0.223497496,0.296999388,0.344056454,1.557,1
-122.21,38.09,0.705882353,0.475754604,0.433110368,0.433639399,0.452541335,0.371808464,1.27,1
-122.21,38.1,0.68627451,0.328647706,0.309364548,0.300500835,0.339252909,0.364762788,1.299,1
-122.21,38.11,0.62745098,0.266100033,0.2787068,0.273372287,0.292712799,0.291169715,1.278,1
-122.21,38.28,0.666666667,0.13849842,0.115942029,0.114774624,0.109614207,0.440211149,2.693,1
-122.2,37.47,0.751633987,0.158984418,0.178558157,0.23351419,0.194733619,0.321483788,2.772666667,1
-122.2,37.48,0.653594771,0.092150667,0.106465998,0.155676127,0.109614207,0.334717437,2.557,1
-122.2,37.75,0.68627451,0.065816716,0.072463768,0.109766277,0.080220453,0.11937892,0.7,1
-122.2,37.76,0.803921569,0.206603465,0.276198439,0.285997496,0.288426209,0.119262965,0.8515,1
-122.2,37.77,0.823529412,0.243271222,0.279264214,0.315630217,0.281230863,0.211055526,1.0515,1
-122.2,37.78,0.892156863,0.209136973,0.218645485,0.222923623,0.229026332,0.325401427,1.4315,1
-122.2,37.79,0.77124183,0.163706367,0.209401709,0.211672231,0.217799551,0.264575419,1.362833333,1
-122.2,37.8,0.87254902,0.236869347,0.215022297,0.19115192,0.222596448,0.46093681,2.3325,1
-122.2,37.81,0.862745098,0.32276343,0.241917503,0.221619366,0.259644825,0.694098419,3.235,1
-122.2,37.82,0.725490196,0.272147761,0.198160535,0.174770451,0.205756277,0.68181266,3.6475,1
-122.2,37.83,0.490196078,0.172932331,0.123188406,0.11206177,0.127985303,0.87254837,3.512,1
-122.2,37.84,0.617647059,0.276343031,0.223522854,0.198873122,0.23943662,0.693248078,3.154,1
-122.2,37.88,0.68627451,0.115833061,0.088071349,0.082011686,0.09369259,0.803262214,3.781,1
-122.2,37.89,0.705882353,0.422687153,0.311036789,0.273372287,0.315370484,0.753114233,3.675,1
-122.2,37.96,0.156862745,0.686934728,0.535117057,0.537562604,0.556644213,0.692883647,3.107,1
-122.2,38.04,0.588235294,0.329846355,0.277591973,0.256886477,0.296999388,0.563466296,1.97,1
-122.2,38.09,0.333333333,0.74730304,0.600334448,0.667779633,0.646662584,0.529618341,1.719,1
-122.19,37.46,0.647058824,0.590280048,0.658305463,0.416736227,0.695652174,0.408450393,5.00001,1
-122.19,37.47,0.843137255,0.149177291,0.14548495,0.121869783,0.183098592,0.475627264,3.123,1
-122.19,37.48,0.794117647,0.118884167,0.119843924,0.113731219,0.141151255,0.432226787,2.7695,1
-122.19,37.71,0.68627451,0.039119538,0.037346711,0.031928214,0.034292713,0.55727096,2.625,1
-122.19,37.73,0.852941176,0.141113654,0.150501672,0.168614357,0.161359461,0.133431619,0.822,1
-122.19,37.74,0.754901961,0.084450256,0.098940914,0.101627713,0.09491733,0.148566569,0.8525,1
-122.19,37.75,0.522875817,0.151937816,0.187848384,0.165762382,0.168605838,0.093412257,0.82,1
-122.19,37.76,0.800653595,0.146779993,0.164715719,0.176335559,0.169116146,0.129236976,0.833833333,1
-122.19,37.77,0.890196078,0.202876757,0.225195095,0.235767947,0.232455603,0.241852195,1.1562,1
-122.19,37.78,0.988235294,0.173455378,0.153846154,0.149749583,0.159338641,0.372537327,1.644,1
-122.19,37.79,0.843137255,0.196207911,0.207023411,0.183973289,0.214819351,0.302345614,1.8462,1
-122.19,37.8,0.934640523,0.197559115,0.160720922,0.139120757,0.171667687,0.424374945,2.558666667,1
-122.19,37.82,0.607843137,0.199738477,0.146042363,0.131469115,0.159828536,0.863271932,3.659,1
-122.19,37.83,0.539215686,0.169608805,0.125696767,0.116235392,0.139314146,0.776288762,3.5205,1
-122.19,38.07,0.37254902,0.326686281,0.291527313,0.250834725,0.299448867,0.457273169,2.175,1
-122.19,38.09,0.137254902,0.06668846,0.064659978,0.05696995,0.069197795,0.648643873,1.663,1
-122.19,38.13,0.078431373,0.855617304,0.80490524,0.909015025,0.853031231,0.491485555,2.148,1
-122.18,37.45,0.764705882,0.398496241,0.499721293,0.306239566,0.503674219,0.412414966,4.2725,1
-122.18,37.68,0.078431373,0.227198431,0.225752508,0.174248748,0.244335579,0.550611803,1.878,1
-122.18,37.7,0.676470588,0.283153536,0.301839465,0.270972454,0.318432333,0.354359926,1.922,1
-122.18,37.71,0.862745098,0.078892884,0.080824972,0.107262104,0.081445193,0.317508172,1.575,1
-122.18,37.72,0.862745098,0.163016236,0.17335563,0.208263773,0.185548071,0.364961569,1.567,1
-122.18,37.73,0.818627451,0.188351313,0.208054627,0.24269616,0.212951623,0.2206467,0.79625,1
-122.18,37.74,0.784313725,0.114125894,0.123560015,0.140998887,0.118391508,0.18171511,0.876333333,1
-122.18,37.75,0.823529412,0.094453525,0.110590858,0.128631052,0.110716473,0.194948759,0.833,1
-122.18,37.76,0.88627451,0.170687589,0.183277592,0.194991653,0.188487446,0.20713844,0.9564,1
-122.18,37.77,0.858823529,0.189124986,0.207692308,0.205717863,0.217146356,0.220408163,1.0222,1
-122.18,37.78,0.803921569,0.136682285,0.146228168,0.164023372,0.149418249,0.334768973,1.741333333,1
-122.18,37.79,0.803921569,0.150049036,0.131735414,0.123052309,0.131251276,0.545425096,2.339333333,1
-122.18,37.8,0.539215686,0.199847445,0.146878484,0.144720367,0.158909982,0.664629163,3.02,1
-122.18,37.81,0.637254902,0.105208674,0.082497213,0.076794658,0.09614207,0.596739995,4.1,1
-122.18,37.86,0.62745098,0.484581018,0.353400223,0.350375626,0.376607471,0.933960597,3.997,1
-122.18,37.88,0.68627451,0.058842759,0.065217391,0.047161937,0.072872015,0.485919693,3.542,1
-122.18,37.89,0.333333333,0.527732374,0.408584169,0.339941569,0.448254746,0.844708013,4.99,1
-122.18,37.9,0.68627451,0.518470088,0.338907469,0.31427379,0.349050827,0.939404983,5.00001,1
-122.18,38.07,0.176470588,0.542007192,0.47212932,0.434891486,0.490508267,0.533273699,2.018,1
-122.18,38.17,0.117647059,0.445788384,0.361761427,0.463898164,0.394366197,0.524825515,1.613,1
-122.18,38.23,0.392156863,0.269478043,0.188963211,0.168405676,0.187385181,0.746421945,3.204,1
-122.18,38.29,0.333333333,0.212596709,0.146599777,0.136268781,0.164115126,0.829512324,3.93,1
-122.17,37.45,0.647058824,0.155225019,0.176700111,0.119365609,0.185548071,0.477780723,5.00001,1
-122.17,37.46,0.901960784,0.251716247,0.183946488,0.216819699,0.171463564,0.989387313,5.00001,1
-122.17,37.48,0.745098039,0.264247575,0.222408027,0.244782972,0.248622168,0.603299761,3.527,1
-122.17,37.69,0.450980392,0.246267844,0.216833891,0.233722871,0.222902633,0.470558353,2.126,1
-122.17,37.7,0.450980392,0.191021031,0.202341137,0.197621035,0.220453154,0.386529287,2.026,1
-122.17,37.71,0.725490196,0.096763648,0.110367893,0.09933222,0.120024495,0.303041346,1.798,1
-122.17,37.72,0.647058824,0.268170426,0.29919175,0.287771285,0.315676669,0.34747714,1.62325,1
-122.17,37.73,0.901960784,0.188333152,0.208844296,0.192056205,0.216778934,0.280682186,1.491,1
-122.17,37.74,0.820261438,0.107151938,0.134708287,0.157832499,0.142988365,0.21355133,0.968,1
-122.17,37.75,0.830065359,0.148523483,0.159327388,0.168162215,0.160338845,0.200759416,0.936,1
-122.17,37.76,0.760784314,0.183741964,0.202564103,0.206552588,0.209308022,0.18682525,0.9616,1
-122.17,37.77,0.633986928,0.267189713,0.300074322,0.275528659,0.30026536,0.244504079,1.226333333,1
-122.17,37.78,0.91503268,0.111292725,0.103864734,0.09738453,0.114921413,0.376866331,1.473,1
-122.17,37.87,0.725490196,0.137190803,0.09754738,0.09745409,0.110838947,0.708664635,4.38,1
-122.17,37.88,0.617647059,0.395281682,0.280379041,0.28495409,0.300673607,0.789745119,4.125,1
-122.17,38.06,0.294117647,0.382804838,0.347826087,0.367070117,0.3821188,0.435087022,1.871,1
-122.17,38.07,0.274509804,0.231339218,0.153846154,0.177796327,0.165339865,0.658185352,2.197,1
-122.16,37.44,0.647058824,0.239402855,0.293756968,0.247913189,0.324556032,0.419350208,4.059,1
-122.16,37.45,0.754901961,0.175874469,0.269788183,0.165066778,0.279240661,0.549253468,4.1575,1
-122.16,37.46,0.735294118,0.257546039,0.280100334,0.23340985,0.335272505,0.52422365,4.14,1
-122.16,37.47,0.735294118,0.341288003,0.358138239,0.4264399,0.386405389,0.389157611,2.5215,1
-122.16,37.48,0.68627451,0.24365261,0.265886288,0.405676127,0.278628291,0.207284212,1.573,1
-122.16,37.68,0.294117647,0.183611202,0.192865106,0.117487479,0.214329455,0.20838855,0.833,1
-122.16,37.69,0.68627451,0.14133159,0.137402453,0.147224541,0.155235762,0.396379981,1.9895,1
-122.16,37.7,0.68627451,0.183393266,0.166480862,0.180300501,0.185548071,0.402486969,1.928333333,1
-122.16,37.71,0.696078431,0.118175874,0.103121516,0.103088481,0.11726883,0.387611538,1.83,1
-122.16,37.72,0.450980392,0.176092405,0.234671126,0.154945743,0.220453154,0.288138307,1.4115,1
-122.16,37.73,0.980392157,0.184047074,0.190263842,0.151085142,0.203715044,0.294832435,1.816,1
-122.16,37.74,0.890196078,0.114307508,0.120401338,0.11957429,0.125045928,0.305241187,1.1672,1
-122.16,37.75,0.722222222,0.13984236,0.166480862,0.165692821,0.157072872,0.224734591,1.071833333,1
-122.16,37.76,0.810457516,0.250662889,0.258082497,0.260225376,0.265156154,0.299713608,1.384333333,1
-122.16,37.77,0.843137255,0.177182086,0.173541434,0.156928214,0.178403756,0.365933386,1.593666667,1
-122.16,37.83,0.294117647,0.500599324,0.391861761,0.307804674,0.396815677,0.775256206,3.702,1
-122.16,37.86,0.68627451,0.365805819,0.273690078,0.269824708,0.294549908,0.845779221,4.043,1
-122.16,37.89,0.607843137,0.193636265,0.133221851,0.149415693,0.156766687,0.912072621,4.345,1
-122.16,38.02,0.764705882,0.195924594,0.160535117,0.157762938,0.168401715,0.510932945,1.961,1
-122.16,38.05,0.823529412,0.235262068,0.245540691,0.182178631,0.253214942,0.37630864,1.967,1
-122.16,38.07,0.254901961,0.692819004,0.687848384,0.599123539,0.688916105,0.445291103,1.903,1
-122.15,37.41,0.549019608,0.051323962,0.056298774,0.073873122,0.052051439,0.721243043,4.75,1
-122.15,37.42,0.843137255,0.387490465,0.466555184,0.370200334,0.508266993,0.37816945,4.048,1
-122.15,37.43,0.901960784,0.283099052,0.272017837,0.238731219,0.28352725,0.499204877,4.763,1
-122.15,37.44,1,0.196215176,0.153102936,0.138355593,0.164319249,0.622338546,5.00001,1
-122.15,37.45,1,0.146071701,0.122630992,0.098393155,0.122167789,0.658444871,5.00001,1
-122.15,37.46,0.68627451,0.3372017,0.460423634,0.361227045,0.464482547,0.458013075,3.441,1
-122.15,37.47,0.725490196,0.170462388,0.170196953,0.24457429,0.197795468,0.367832847,2.078,1
-122.15,37.67,0.666666667,0.269151139,0.220735786,0.243322204,0.23759951,0.560981535,1.981,1
-122.15,37.68,0.617647059,0.266372453,0.246934225,0.236644407,0.264849969,0.423552213,2.093,1
-122.15,37.69,0.710784314,0.162198976,0.150641026,0.163814691,0.167176975,0.405606723,1.896,1
-122.15,37.7,0.68627451,0.159529258,0.137123746,0.145555092,0.148805879,0.332030215,1.9365,1
-122.15,37.71,0.509803922,0.368965893,0.473801561,0.309056761,0.468769137,0.341748388,1.971,1
-122.15,37.72,0.679738562,0.253132832,0.309178744,0.228714524,0.326801388,0.279673558,1.888666667,1
-122.15,37.73,0.797385621,0.254077222,0.284095132,0.188160824,0.295162278,0.310653915,2.207,1
-122.15,37.74,0.91503268,0.169590643,0.168524712,0.16179744,0.183813023,0.312310422,1.601,1
-122.15,37.75,0.803921569,0.184101558,0.181438127,0.186247913,0.178199633,0.33773412,1.3105,1
-122.15,37.76,0.745098039,0.19843086,0.158305463,0.158180301,0.164115126,0.615668345,1.969,1
-122.15,38.04,0.254901961,0.305328539,0.326086957,0.224958264,0.349663197,0.237068204,1.685,1
-122.15,38.06,0.176470588,0.327558025,0.295429208,0.287145242,0.318432333,0.537392879,1.958,1
-122.15,38.29,0.31372549,0.176855181,0.132107023,0.145659432,0.135946111,0.672453397,3.288,1
-122.14,37.41,0.666666667,0.263375831,0.236343367,0.196994992,0.263931415,0.658063875,4.371,1
-122.14,37.42,0.882352941,0.022229487,0.023411371,0.026919866,0.030006124,0.403094355,2.65,1
-122.14,37.43,0.777777778,0.195452399,0.202898551,0.165275459,0.231884058,0.641185912,4.59534,1
-122.14,37.44,1,0.339435545,0.259754738,0.231427379,0.256582976,0.682005919,5.00001,1
-122.14,37.45,0.960784314,0.322055138,0.231326644,0.217132721,0.249540723,0.859727008,5.00001,1
-122.14,37.47,0.696078431,0.296937997,0.340858417,0.503964942,0.328842621,0.313560164,1.586,1
-122.14,37.48,0.68627451,0.131633431,0.130434783,0.203672788,0.14513166,0.386959979,1.489,1
-122.14,37.67,0.679738562,0.278704006,0.243403939,0.24255704,0.261277812,0.427732132,1.922666667,1
-122.14,37.68,0.588235294,0.344738658,0.342066146,0.310169727,0.360685854,0.338634155,2.042,1
-122.14,37.69,0.715686275,0.202026806,0.236343367,0.204194491,0.260869565,0.356806034,1.8375,1
-122.14,37.7,0.5,0.148468999,0.143812709,0.134703673,0.172994489,0.417235401,1.9065,1
-122.14,37.71,0.421568627,0.381115833,0.52090301,0.370513356,0.560012247,0.292842786,1.7425,1
-122.14,37.72,0.803921569,0.118720715,0.106187291,0.086915693,0.115125536,0.303626645,2.108,1
-122.14,37.73,0.882352941,0.23488068,0.208890747,0.175657346,0.220453154,0.399891775,2.42525,1
-122.14,37.74,1,0.116486869,0.110925307,0.090776294,0.116350276,0.393840004,2.042,1
-122.14,37.75,0.656862745,0.110057753,0.083890747,0.090567613,0.093998775,0.544648379,2.257,1
-122.14,37.76,0.647058824,0.164650757,0.127647715,0.112687813,0.127985303,0.559921371,2.528,1
-122.14,37.77,0.509803922,0.242671897,0.202341137,0.269616027,0.216166565,0.478233501,2.791,1
-122.14,37.84,0.450980392,0.231993026,0.190078038,0.181343907,0.227189222,0.56707748,3.556,1
-122.14,37.85,0.509803922,0.996513022,0.710144928,0.702420701,0.775872627,0.753909356,3.899,1
-122.14,37.86,0.37254902,0.675493081,0.657748049,0.502921536,0.697489284,0.449962453,3.14,1
-122.14,37.88,0.647058824,0.761033017,0.609810479,0.596828047,0.687078996,0.632520541,3.944,1
-122.14,38.01,0.960784314,0.191565871,0.188963211,0.153589316,0.19228414,0.441746179,1.783,1
-122.14,38.02,0.843137255,0.176855181,0.239687848,0.171118531,0.234537661,0.171437406,1.339,1
-122.14,38.03,0.803921569,0.012640296,0.017837235,0.010225376,0.017146356,0.229658097,2.25,1
-122.14,38.05,0.509803922,0.41320693,0.429208473,0.365400668,0.442131047,0.30802191,1.506,1
-122.14,38.07,0.588235294,0.370382478,0.342251951,0.364148581,0.367421923,0.461193568,1.431,1
-122.14,38.16,0.058823529,0.356434565,0.274804905,0.311352254,0.276791182,0.533903172,1.761,1
-122.13,37.4,0.549019608,0.656532636,0.664994426,0.559682805,0.71586038,0.511705981,4.612,1
-122.13,37.41,0.68627451,0.521412226,0.500557414,0.424457429,0.543784446,0.541832317,4.409,1
-122.13,37.42,0.68627451,0.433692928,0.581382386,0.46869783,0.608083282,0.335332185,3.141,1
-122.13,37.43,0.68627451,0.427590716,0.42419175,0.342967446,0.439375383,0.494141488,4.3515,1
-122.13,37.44,0.784313725,0.298681486,0.249535489,0.234209794,0.272504593,0.732172306,4.480003333,1
-122.13,37.45,0.732026144,0.247321202,0.197510219,0.186352254,0.211879976,0.727548812,5.00001,1
-122.13,37.46,0.653594771,0.186625985,0.223151245,0.293127435,0.227597469,0.295414053,1.682,1
-122.13,37.47,0.519607843,0.169227416,0.179208473,0.277754591,0.204531537,0.500955252,1.7005,1
-122.13,37.66,0.352941176,0.093712542,0.091973244,0.083889816,0.110838947,0.424695203,1.63,1
-122.13,37.67,0.764705882,0.266826487,0.253065775,0.236783528,0.266993264,0.323375887,1.818333333,1
-122.13,37.68,0.843137255,0.227888562,0.218877741,0.223497496,0.233721168,0.381235828,1.805,1
-122.13,37.69,0.480392157,0.191075515,0.290691193,0.184265442,0.268218004,0.291004064,2.165,1
-122.13,37.7,0.522875817,0.387926338,0.430137495,0.367974402,0.457032047,0.312671172,2.082666667,1
-122.13,37.71,0.843137255,0.16508663,0.176421405,0.14346828,0.187385181,0.314106812,1.8445,1
-122.13,37.72,0.62254902,0.231175766,0.191332219,0.173831386,0.213717085,0.546238625,2.9205,1
-122.13,37.73,0.62745098,0.217282336,0.148272018,0.142111853,0.164115126,0.707847425,3.418,1
-122.13,37.74,0.784313725,0.479241582,0.370122631,0.30696995,0.395590937,0.496963071,2.489,1
-122.13,37.75,0.62745098,0.064182195,0.039855072,0.037145242,0.042559706,0.515471773,3.2055,1
-122.13,37.76,0.490196078,0.355671788,0.272575251,0.253964942,0.325168402,0.537823571,2.754,1
-122.13,37.77,0.450980392,0.267734554,0.175585284,0.190108514,0.197183099,0.725693524,2.93,1
-122.13,37.89,0.509803922,0.08085431,0.118171683,0.060517529,0.102265769,0.247504196,3.5,1
-122.13,38,0.62745098,0.307180996,0.362318841,0.250626043,0.390691978,0.226190476,1.508,1
-122.13,38.01,0.950980392,0.184210526,0.222686734,0.152024207,0.235150031,0.168405999,1.4205,1
-122.13,38.02,1,0.25890814,0.282051282,0.195116861,0.274954072,0.271490414,1.66,1
-122.13,38.26,0.764705882,0.167374959,0.141025641,0.138564274,0.159828536,0.312328828,1.702,1
-122.12,37.37,0.333333333,0.175983437,0.127647715,0.114774624,0.134721372,0.927886739,5.00001,1
-122.12,37.38,0.647058824,0.157022992,0.120401338,0.104131886,0.121249235,0.880267691,5.00001,1
-122.12,37.39,0.647058824,0.38781737,0.275919732,0.277754591,0.305572566,0.929554289,5.00001,1
-122.12,37.4,0.588235294,0.256510842,0.224637681,0.19115192,0.218003674,0.720536266,5.00001,1
-122.12,37.41,0.62745098,0.314917729,0.342809365,0.259808013,0.354562156,0.538121742,3.609,1
-122.12,37.42,0.676470588,0.275035415,0.301003344,0.244365609,0.317819963,0.52085542,3.676,1
-122.12,37.43,0.656862745,0.352511714,0.339186176,0.297996661,0.366197183,0.595028271,4.118,1
-122.12,37.44,0.62745098,0.244033998,0.25696767,0.226732053,0.260869565,0.516841152,3.8985,1
-122.12,37.45,0.725490196,0.138825324,0.173913043,0.198247078,0.174525413,0.166721884,1.557,1
-122.12,37.48,0.68627451,0.095673968,0.09754738,0.164858097,0.113900796,0.366584946,1.594,1
-122.12,37.64,0.764705882,0.046856271,0.05574136,0.054048414,0.04592774,0.374105486,2.281,1
-122.12,37.65,0.490196078,0.017434892,0.01393534,0.016903172,0.014084507,0.207074388,1.375,1
-122.12,37.67,0.62745098,0.373433584,0.378483835,0.374165275,0.423759951,0.379848043,1.847,1
-122.12,37.68,0.75,0.220496894,0.212374582,0.207846411,0.226729945,0.354934181,1.7925,1
-122.12,37.69,0.470588235,0.221532091,0.247305834,0.236505287,0.261481935,0.310661277,1.680666667,1
-122.12,37.7,0.483660131,0.307725836,0.377740617,0.326377295,0.379873444,0.248652708,1.615666667,1
-122.12,37.71,0.696078431,0.119701427,0.135730212,0.122495826,0.151561543,0.333217378,1.6,1
-122.12,37.75,0.578431373,0.14160401,0.102564103,0.11759182,0.099203919,0.748326928,2.899,1
-122.12,37.81,0.490196078,0.440884821,0.28483835,0.309056761,0.303735456,0.792009011,4.165,1
-122.12,37.82,0.490196078,0.24703062,0.175585284,0.190525876,0.19044703,0.680912625,3.645,1
-122.12,37.85,0.333333333,0.57208238,0.381270903,0.389190317,0.401102266,0.829081633,4.541,1
-122.12,37.88,0.666666667,0.303258145,0.200668896,0.207846411,0.221065524,0.833211856,4.333,1
-122.12,37.89,0.568627451,0.351422033,0.407469342,0.261894825,0.417636252,0.40033351,2.571,1
-122.12,37.91,0.647058824,0.619047619,0.419732441,0.408388982,0.441518677,0.868881968,4.553,1
-122.12,37.99,0.62745098,0.180669064,0.15328874,0.153589316,0.158603797,0.461072091,2.254,1
-122.12,38,0.37254902,0.761686826,0.781493868,0.671118531,0.815676669,0.409079866,1.664,1
-122.12,38.01,0.908496732,0.190948385,0.181902638,0.165345019,0.199428455,0.374742321,1.448666667,1
-122.11,37.37,0.941176471,0.116159965,0.104793757,0.08451586,0.103490508,0.740414348,5.00001,1
-122.11,37.38,0.549019608,0.39402855,0.338628763,0.272850584,0.360992039,0.656987146,5.00001,1
-122.11,37.39,0.68627451,0.180669064,0.144370123,0.135642738,0.151255358,0.651205937,5.00001,1
-122.11,37.4,0.385620915,0.184482946,0.192493497,0.169309961,0.20840988,0.45273434,3.138003333,1
-122.11,37.41,0.60130719,0.343503687,0.42827945,0.31246522,0.445601143,0.557569132,4.095333333,1
-122.11,37.42,0.607843137,0.333006429,0.330546265,0.263355593,0.329454991,0.662050534,4.178,1
-122.11,37.43,0.666666667,0.407813011,0.305462653,0.308535058,0.332823025,0.751805592,4.575,1
-122.11,37.44,0.666666667,0.219461698,0.19342252,0.212437396,0.229026332,0.567784257,3.766,1
-122.11,37.64,0.362745098,0.276506484,0.313545151,0.287040902,0.319350888,0.436334924,1.9775,1
-122.11,37.65,0.333333333,0.472158658,0.449275362,0.424874791,0.448254746,0.329777365,3.316,1
-122.11,37.66,0.633986928,0.259198721,0.298216276,0.344741235,0.314145744,0.328709839,1.656,1
-122.11,37.67,0.673202614,0.224002034,0.267744333,0.248539232,0.263523168,0.311294431,1.733666667,1
-122.11,37.68,0.705882353,0.215102975,0.267001115,0.248747913,0.28352725,0.229404099,1.702,1
-122.11,37.69,0.754901961,0.21314155,0.266722408,0.242070117,0.282608696,0.282208013,1.5805,1
-122.11,37.7,0.444444444,0.206094948,0.287997027,0.237409572,0.305980812,0.19890965,1.564333333,1
-122.11,37.71,0.68627451,0.497657186,0.45819398,0.405884808,0.500306185,0.458311247,2.068,1
-122.11,37.83,0.352941176,0.558788275,0.411928651,0.392737896,0.434782609,0.740248697,3.699,1
-122.11,37.87,0.62745098,0.370055574,0.277591973,0.280884808,0.278628291,0.671603057,3.142,1
-122.11,37.88,0.705882353,0.436199194,0.341137124,0.333263773,0.369871402,0.658925258,3.482,1
-122.11,37.89,0.607843137,0.258254331,0.286510591,0.221619366,0.300061237,0.422254616,2.795,1
-122.11,37.98,0.196078431,0.476081508,0.377369008,0.372495826,0.402939375,0.622305416,2.973,1
-122.11,37.99,0.235294118,0.369020377,0.340022297,0.320534224,0.360992039,0.470304356,2.472,1
-122.11,38,0.156862745,0.372888744,0.323857302,0.303631052,0.3312921,0.580892747,2.126,1
-122.11,38.01,0.764705882,0.144600632,0.159977703,0.133868948,0.156154317,0.306696705,1.2275,1
-122.11,38.09,0.196078431,0.073117577,0.079710145,0.065317195,0.082669933,0.209051153,1.225,1
-122.1,37.36,0.637254902,0.190258254,0.128483835,0.121452421,0.137477036,0.932513915,5.00001,1
-122.1,37.37,0.735294118,0.257763975,0.196209588,0.194490818,0.210961421,0.855806608,5.00001,1
-122.1,37.38,0.705882353,0.453852021,0.340022297,0.328046745,0.364360073,0.780280944,5.00001,1
-122.1,37.39,0.647058824,0.197668083,0.188405797,0.156580412,0.204939784,0.544850841,4.025336667,1
-122.1,37.4,0.431372549,0.184047074,0.300167224,0.263146912,0.32072872,0.355530524,2.291,1
-122.1,37.41,0.62745098,0.683774654,0.7090301,0.630217028,0.740355175,0.54909886,3.433,1
-122.1,37.61,0.666666667,0.257055683,0.254180602,0.359348915,0.28475199,0.444849368,1.736,1
-122.1,37.63,0.549019608,0.236460717,0.241360089,0.286310518,0.248622168,0.363282976,1.809,1
-122.1,37.64,0.529411765,0.194181105,0.172240803,0.152337229,0.169014085,0.459802103,2.067,1
-122.1,37.65,0.581699346,0.172133232,0.165551839,0.154284919,0.182894468,0.442287305,1.913,1
-122.1,37.66,0.666666667,0.119690531,0.125641026,0.144282137,0.139497857,0.378063433,1.7006,1
-122.1,37.67,0.647058824,0.398496241,0.498885173,0.516277129,0.551745254,0.27128059,1.505,1
-122.1,37.68,0.681372549,0.194262831,0.233835006,0.208837646,0.237752603,0.280496289,1.79725,1
-122.1,37.69,0.705882353,0.297046965,0.312430323,0.280676127,0.321187998,0.31325095,1.7645,1
-122.1,37.7,0.470588235,0.323744143,0.345596433,0.293823038,0.363135334,0.428703949,2.092,1
-122.1,37.71,0.509803922,0.734226872,0.596989967,0.567195326,0.632578077,0.52049651,2.525,1
-122.1,37.72,0.568627451,0.282990084,0.202898551,0.191360601,0.213104715,0.589528669,3.302,1
-122.1,37.88,0.666666667,0.4030729,0.293199554,0.31427379,0.315370484,0.74339606,3.671,1
-122.1,37.89,0.392156863,0.357415277,0.362876254,0.290692821,0.366809553,0.519922255,3.103,1
-122.1,37.9,0.725490196,0.08989866,0.079152731,0.075751252,0.082057563,0.663662868,2.944,1
-122.1,37.96,0.421568627,0.281464531,0.237458194,0.23351419,0.257807716,0.537105751,2.3185,1
-122.1,37.97,0.333333333,0.471177945,0.363991081,0.364774624,0.394366197,0.573504727,2.696,1
-122.1,38.02,0.529411765,0.46921652,0.45819398,0.434265442,0.47397428,0.34813146,1.597,1
-122.1,38.24,0.235294118,0.802549853,0.579710145,0.665275459,0.600734844,0.531219631,1.95,1
-122.09,37.35,0.705882353,0.195379754,0.157748049,0.164023372,0.158603797,0.781815973,5.00001,1
-122.09,37.36,0.705882353,0.207856598,0.155797101,0.179987479,0.173606859,0.637744059,5.00001,1
-122.09,37.37,0.578431373,0.186880244,0.149665552,0.128338898,0.158297612,0.614823527,4.710505,1
-122.09,37.38,0.666666667,0.247466492,0.210144928,0.197621035,0.233619106,0.634337176,4.1095,1
-122.09,37.39,0.681372549,0.172224038,0.236343367,0.172944491,0.253674219,0.378887269,3.284,1
-122.09,37.4,0.470588235,0.23979514,0.34960981,0.28451586,0.374525413,0.365721353,2.4204,1
-122.09,37.41,0.241830065,0.134502924,0.199554069,0.146076795,0.205552154,0.33652487,2.749333333,1
-122.09,37.42,0.431372549,0.530892449,0.696209588,0.562186978,0.710961421,0.36447566,2.298,1
-122.09,37.6,0.68627451,0.041734772,0.051282051,0.060517529,0.055113288,0.27284875,1.479,1
-122.09,37.63,0.666666667,0.153790273,0.135823114,0.174040067,0.150030618,0.459526018,1.774666667,1
-122.09,37.64,0.660130719,0.168428317,0.148086213,0.162632165,0.154521331,0.434538534,1.766333333,1
-122.09,37.65,0.614379085,0.179361447,0.205871423,0.174874791,0.20534803,0.383742675,1.932,1
-122.09,37.66,0.754901961,0.135992154,0.158305463,0.154528381,0.16564605,0.259221221,1.4685,1
-122.09,37.67,0.764705882,0.208710181,0.270159792,0.272676683,0.282302511,0.244772801,1.608333333,1
-122.09,37.68,0.735294118,0.189495478,0.23606466,0.181448247,0.245866503,0.255759122,1.91075,1
-122.09,37.69,0.598039216,0.261087501,0.257246377,0.208159432,0.280465401,0.392939968,1.6915,1
-122.09,37.7,0.594771242,0.298245614,0.316982534,0.265859766,0.334149826,0.435436729,2.379666667,1
-122.09,37.71,0.62745098,0.245287131,0.185340022,0.190421536,0.193508879,0.520998984,2.5995,1
-122.09,37.86,0.509803922,0.597362973,0.422519509,0.460559265,0.470300061,0.786321672,4.026,1
-122.09,37.89,0.666666667,0.095673968,0.076365663,0.072412354,0.079608083,0.70331964,4.065,1
-122.09,37.94,0.549019608,0.751116923,0.568561873,0.548622705,0.624617269,0.628622228,2.732,1
-122.09,37.95,0.607843137,0.145690313,0.115384615,0.124373957,0.126760563,0.61032335,2.479,1
-122.09,37.97,0.078431373,0.577639752,0.433110368,0.419866444,0.443968157,0.717399947,2.941,1
-122.09,37.98,0.254901961,0.586139261,0.484392419,0.478088481,0.532761788,0.572886297,2.11,1
-122.09,37.99,0.352941176,0.33464095,0.280936455,0.368948247,0.300673607,0.5466141,2.054,1
-122.09,38.02,0.705882353,0.189604446,0.187848384,0.234348915,0.210042866,0.373542274,1.137,1
-122.08,37.35,0.666666667,0.146562057,0.114269788,0.113313856,0.114513166,0.795885237,5.00001,1
-122.08,37.36,0.558823529,0.266644873,0.182831661,0.179361436,0.188303735,0.911509409,5.00001,1
-122.08,37.38,0.631372549,0.140111147,0.151727982,0.130217028,0.151867728,0.468517537,3.641,1
-122.08,37.39,0.823529412,0.174966402,0.214604236,0.166875348,0.222902633,0.33629664,3.279333333,1
-122.08,37.4,0.56372549,0.187397842,0.216276477,0.179413606,0.215401102,0.453073924,2.9675,1
-122.08,37.41,0.37254902,0.206385529,0.253065775,0.222036728,0.265768524,0.462452513,2.889,1
-122.08,37.58,0.284313725,0.322599978,0.267001115,0.380843072,0.273729333,0.581400742,2.4545,1
-122.08,37.59,0.294117647,0.197668083,0.202341137,0.284223706,0.216166565,0.412481226,1.563,1
-122.08,37.6,0.176470588,0.331698812,0.376811594,0.428005008,0.383343539,0.375728863,1.917,1
-122.08,37.61,0.294117647,0.264901384,0.254459309,0.270972454,0.252296387,0.43256361,2.3265,1
-122.08,37.62,0.411764706,0.234662744,0.229375697,0.223810518,0.26301286,0.404612819,1.819,1
-122.08,37.63,0.647058824,0.117184265,0.117391304,0.168071786,0.13312921,0.381184292,1.6936,1
-122.08,37.64,0.611764706,0.226566416,0.251950948,0.294782972,0.263931415,0.385526548,1.7884,1
-122.08,37.65,0.490196078,0.371962515,0.509476031,0.433222037,0.511022658,0.301009365,1.6365,1
-122.08,37.66,0.666666667,0.192873488,0.224080268,0.250626043,0.241579914,0.204352195,1.6045,1
-122.08,37.67,0.549019608,0.053503324,0.092530658,0.047579299,0.091855481,0.051219189,1.6,1
-122.08,37.68,0.490196078,0.208810069,0.269091416,0.178787563,0.246325781,0.248520187,2.23025,1
-122.08,37.69,0.77124183,0.19370891,0.202712746,0.171048971,0.201877934,0.294541626,1.872,1
-122.08,37.7,0.539215686,0.333224365,0.334726867,0.291214524,0.341702388,0.427560959,2.346,1
-122.08,37.71,0.705882353,0.275471287,0.240802676,0.247217585,0.267809757,0.509460494,2.288333333,1
-122.08,37.72,0.598039216,0.345319821,0.249442586,0.251043406,0.270667483,0.596706865,3.0755,1
-122.08,37.87,0.470588235,0.464803313,0.53483835,0.252504174,0.555113288,0.243313234,0.8805,1
-122.08,37.88,0.450980392,0.224147325,0.256410256,0.08451586,0.178812002,0.209514975,0.994,1
-122.08,37.89,0.745098039,0.328647706,0.278149387,0.254173623,0.298224127,0.639687693,2.839,1
-122.08,37.9,0.578431373,0.283534924,0.260869565,0.22610601,0.279546846,0.505775687,2.974,1
-122.08,37.92,0.509803922,0.223711453,0.203455964,0.193447412,0.21586038,0.532914789,2.5745,1
-122.08,37.93,0.666666667,0.44033998,0.382943144,0.381260434,0.404164115,0.505367082,2.332,1
-122.08,37.94,0.843137255,0.237877302,0.197881828,0.195742905,0.222902633,0.46659378,2.321,1
-122.08,37.95,0.539215686,0.22948676,0.195373467,0.184265442,0.208205756,0.493506494,2.393,1
-122.08,37.96,0.392156863,0.995205405,0.853957637,0.781093489,0.918554807,0.616883117,2.66,1
-122.08,37.97,0.156862745,0.287784679,0.243589744,0.229549249,0.28475199,0.680051241,2.452,1
-122.08,37.99,0.352941176,0.507246377,0.410813824,0.398372287,0.447030006,0.502584151,1.999,1
-122.07,37.37,0.490196078,0.365206494,0.314938685,0.286310518,0.35670545,0.650653768,4.655,1
-122.07,37.38,0.490196078,0.138389452,0.169453735,0.116235392,0.172688304,0.448858115,2.802,1
-122.07,37.39,0.54248366,0.157022992,0.196023783,0.149693934,0.211267606,0.431792414,3.240333333,1
-122.07,37.4,0.284313725,0.342595619,0.47909699,0.247600167,0.439681568,0.39176937,2.2735,1
-122.07,37.41,0.490196078,0.128800262,0.124303233,0.16903172,0.132271892,0.581522219,3.223,1
-122.07,37.44,0.392156863,0.500926229,0.548494983,0.574081803,0.576240049,0.274074565,2.25,1
-122.07,37.58,0.294117647,0.186589663,0.152917131,0.250139121,0.178199633,0.600133993,2.35,1
-122.07,37.59,0.254901961,0.329573935,0.343645485,0.442195326,0.360379669,0.466378434,1.867,1
-122.07,37.63,0.54248366,0.255639098,0.289483463,0.319212577,0.3014901,0.342403628,1.677666667,1
-122.07,37.64,0.470588235,0.492753623,0.47826087,0.505217028,0.526638089,0.464749536,1.909,1
-122.07,37.65,0.588235294,0.359376703,0.439241918,0.45409015,0.451928965,0.277862444,1.618,1
-122.07,37.66,0.460784314,0.398114852,0.494425864,0.386686144,0.497550521,0.306293621,1.7025,1
-122.07,37.67,0.588235294,0.30035233,0.336863619,0.256747357,0.332312717,0.326276615,2.022333333,1
-122.07,37.68,0.68627451,0.197559115,0.236343367,0.266068447,0.262706675,0.303703949,2.181,1
-122.07,37.69,0.568627451,0.447531873,0.535953177,0.418405676,0.564298836,0.255808817,1.9715,1
-122.07,37.7,0.676470588,0.262395118,0.279821628,0.221410684,0.296080833,0.338214507,2.2785,1
-122.07,37.71,0.725490196,0.255148741,0.216833891,0.205655259,0.220759339,0.512512148,2.482,1
-122.07,37.72,0.490196078,0.348915768,0.26477146,0.293405676,0.295162278,0.550346762,2.952,1
-122.07,37.86,0.37254902,0.115669609,0.11845039,0.059474124,0.12094305,0.315260845,1.8065,1
-122.07,37.88,0.196078431,0.117140678,0.176142698,0.122078464,0.160440906,0.337231646,3.872,1
-122.07,37.89,0.660130719,0.228832952,0.224266072,0.176752922,0.230046948,0.519263333,2.663,1
-122.07,37.91,0.578431373,0.178544187,0.158305463,0.150041736,0.16687079,0.42641797,2.7615,1
-122.07,37.92,0.490196078,0.42170644,0.410813824,0.338898164,0.417636252,0.434148335,2.25,1
-122.07,37.93,0.666666667,0.47624496,0.490802676,0.403589316,0.510410288,0.428980034,2.3905,1
-122.07,37.94,0.692810458,0.194217428,0.184318097,0.172927101,0.193713003,0.345031952,2.305333333,1
-122.07,37.95,0.745098039,0.239402855,0.21516165,0.212854758,0.234537661,0.451607916,1.9,1
-122.07,37.96,0.676470588,0.158276125,0.135172798,0.143781302,0.146662584,0.500369953,1.9665,1
-122.07,37.97,0.37254902,0.185572627,0.195652174,0.177587646,0.207593386,0.356292517,2.118,1
-122.07,37.98,0.215686275,0.753296284,0.912486065,0.612479132,0.897734231,0.388229967,1.861,1
-122.07,37.99,0.529411765,0.360466383,0.31884058,0.37687813,0.364360073,0.446174574,1.669,1
-122.07,38,0.705882353,0.106352839,0.11148272,0.095367279,0.111451317,0.345116618,1.563,1
-122.06,37.38,0.37745098,0.339435545,0.445512821,0.309369783,0.458205756,0.470820633,3.7582525,1
-122.06,37.39,0.450980392,0.068105045,0.080824972,0.042883973,0.083894672,0.355469785,2.075,1
-122.06,37.54,0.37254902,0.706222077,0.594202899,0.734766277,0.647887324,0.506217422,2.482,1
-122.06,37.58,0.274509804,0.883731067,0.765886288,0.953881469,0.824249847,0.571594222,2.534,1
-122.06,37.6,0.352941176,0.359158766,0.297101449,0.416318865,0.33374158,0.527074683,2.338,1
-122.06,37.63,0.323529412,0.471068977,0.481047938,0.440212855,0.504898959,0.343658892,1.8905,1
-122.06,37.64,0.568627451,0.155352148,0.185804534,0.181483027,0.189018167,0.369787525,2.181,1
-122.06,37.65,0.62745098,0.133485889,0.158305463,0.175918197,0.176974893,0.364840092,1.582,1
-122.06,37.67,0.411764706,0.422796121,0.453734671,0.380843072,0.453766075,0.41671084,1.807,1
-122.06,37.68,0.568627451,0.584613708,0.671683389,0.555509182,0.639926516,0.295929411,1.703,1
-122.06,37.7,0.666666667,0.31573499,0.305462653,0.284119366,0.330985915,0.393111141,2.205,1
-122.06,37.71,0.68627451,0.385638008,0.316610925,0.307387312,0.322718922,0.45665474,2.486,1
-122.06,37.73,0.078431373,0.391631252,0.259197324,0.361644407,0.312308634,0.724103278,4.125,1
-122.06,37.85,0.31372549,0.814318405,0.866220736,0.435517529,0.886099204,0.34718173,1.865,1
-122.06,37.86,0.294117647,0.564999455,0.564102564,0.314482471,0.602571953,0.436787702,2.524,1
-122.06,37.88,0.647058824,0.520758418,0.390746934,0.391068447,0.436007348,0.666788144,3.409,1
-122.06,37.89,0.392156863,0.542987905,0.885172798,0.536310518,0.891610533,0.287160968,1.143,1
-122.06,37.9,0.470588235,0.639315681,0.93812709,0.555926544,0.95039804,0.242943281,2.161,1
-122.06,37.91,0.274509804,0.587446878,0.791527313,0.444073456,0.787507655,0.404331213,2.328,1
-122.06,37.94,0.352941176,0.436199194,0.540691193,0.394616027,0.545621555,0.223838237,2.357,1
-122.06,37.95,0.68627451,0.240928408,0.214046823,0.197203673,0.225352113,0.46809568,1.864,1
-122.06,37.96,0.441176471,0.485779667,0.557413601,0.389920701,0.553276179,0.401620064,1.858,1
-122.06,37.99,0.303921569,0.204859976,0.217670011,0.114252922,0.226270667,0.200293754,1.125,1
-122.05,37.54,0.470588235,0.45842868,0.406354515,0.53484975,0.42927128,0.528790087,2.231,1
-122.05,37.55,0.431372549,0.462569467,0.46432553,0.49081803,0.502755664,0.511551374,2.113,1
-122.05,37.59,0.274509804,0.68006974,0.708472687,0.659015025,0.778934476,0.358501193,2.125,1
-122.05,37.61,0.294117647,0.178707639,0.191750279,0.146076795,0.213717085,0.264731867,1.639,1
-122.05,37.63,0.078431373,0.412226218,0.520624303,0.466402337,0.483772198,0.307337221,1.625,1
-122.05,37.68,0.519607843,0.519178381,0.443979933,0.504590985,0.499081445,0.567668301,2.2875,1
-122.05,37.87,0.568627451,0.249972758,0.182274247,0.175709516,0.195958359,0.686820832,3.975,1
-122.05,37.89,0.705882353,0.182521521,0.148829431,0.142737896,0.172075934,0.415518155,3.106,1
-122.05,37.9,0.555555556,0.410192147,0.438498699,0.312186978,0.447234129,0.401776511,3.093,1
-122.05,37.93,0.176470588,0.657785769,0.767001115,0.464315526,0.741886099,0.413988647,2.257,1
-122.05,37.94,0.411764706,0.341233519,0.4303233,0.290797162,0.473361911,0.342692597,2.0355,1
-122.05,37.95,0.485294118,0.290154735,0.331661093,0.294396912,0.332057563,0.37705959,1.717,1
-122.05,37.96,0.666666667,0.238422142,0.212931996,0.239774624,0.244335579,0.369478311,1.598,1
-122.05,37.97,0.294117647,0.006320148,0.004459309,0.012520868,0.010410288,0.622404806,2.5,1
-122.05,38,0.490196078,0.193799717,0.190914158,0.162666945,0.190140845,0.280485246,1.057,1
-122.04,37.5,0.31372549,0.044132069,0.052954292,0.063021703,0.060012247,0.294825073,1.563,1
-122.04,37.53,0.558823529,0.368856925,0.389074693,0.470784641,0.414268218,0.370135392,2.0445,1
-122.04,37.54,0.490196078,0.233518579,0.204570792,0.267111853,0.229638702,0.49104382,2.238,1
-122.04,37.55,0.431372549,0.345210853,0.295429208,0.300709516,0.314145744,0.434645287,2.917,1
-122.04,37.57,0.215686275,0.62297047,0.591973244,0.715984975,0.646050214,0.528756957,2.312,1
-122.04,37.59,0.254901961,0.187969925,0.16722408,0.231844741,0.165952235,0.534819772,2.436,1
-122.04,37.6,0.31372549,0.360902256,0.35451505,0.389816361,0.367421923,0.429322378,2.385,1
-122.04,37.61,0.68627451,0.125204315,0.119286511,0.15066778,0.130434783,0.405512854,1.87,1
-122.04,37.62,0.651960784,0.112237115,0.109531773,0.1048101,0.120789957,0.43566956,1.99075,1
-122.04,37.63,0.509803922,0.122861502,0.112597547,0.098601836,0.123698714,0.38732441,2.343,1
-122.04,37.65,0.176470588,0.904108096,0.738015608,0.797579299,0.787507655,0.635877728,3.155,1
-122.04,37.66,0.303921569,0.242236025,0.195373467,0.200646912,0.224127373,0.58900963,3.246,1
-122.04,37.67,0.441176471,0.25553013,0.185618729,0.191464942,0.199938763,0.655623288,2.934,1
-122.04,37.88,0.607843137,0.353928299,0.305462653,0.255634391,0.339865279,0.45747195,3.127,1
-122.04,37.89,0.62745098,0.263811703,0.178372352,0.207220367,0.210655236,0.77690167,3.491,1
-122.04,37.9,0.37254902,0.595510515,0.580824972,0.481010017,0.588487446,0.574112112,2.758,1
-122.04,37.94,0.450980392,0.624387055,0.485507246,0.508973289,0.542559706,0.566448008,2.314,1
-122.04,37.95,0.588235294,0.137027351,0.130434783,0.11946995,0.139926516,0.378765792,1.801,1
-122.04,37.96,0.426470588,0.213631906,0.284559643,0.234088063,0.284445805,0.23976831,1.497,1
-122.04,37.97,0.470588235,0.172932331,0.219435154,0.173553144,0.227393346,0.257619931,1.508333333,1
-122.04,37.99,0.673202614,0.252006829,0.243218135,0.249721758,0.241273729,0.357621404,1.368666667,1
-122.04,38,0.294117647,0.335076822,0.407469342,0.300918197,0.432945499,0.303527255,0.911,1
-122.03,37.53,0.333333333,0.190040318,0.242474916,0.263564274,0.246172688,0.304366552,1.833,1
-122.03,37.54,0.352941176,0.335512695,0.346525455,0.427587646,0.375790978,0.461473334,1.907333333,1
-122.03,37.55,0.450980392,0.667429443,0.529821628,0.616235392,0.576546234,0.60208499,2.5105,1
-122.03,37.56,0.519607843,0.73123025,0.683389075,0.759286311,0.73821188,0.474545013,2.3025,1
-122.03,37.59,0.294117647,0.476081508,0.494425864,0.526919866,0.499081445,0.461469653,2.56,1
-122.03,37.6,0.450980392,0.22610875,0.212374582,0.309474124,0.23698714,0.449708455,2.147,1
-122.03,37.61,0.673202614,0.156332861,0.153474545,0.182665554,0.16003266,0.417292458,1.716333333,1
-122.03,37.62,0.647058824,0.229849987,0.209773318,0.214941569,0.219432537,0.417840946,2.098,1
-122.03,37.69,0.37254902,0.021575678,0.012820513,0.016277129,0.017758726,0.662613747,3.4,1
-122.03,37.86,0.509803922,0.328266318,0.241360089,0.226419032,0.252296387,0.683458124,4.423,1
-122.03,37.87,0.392156863,0.383458647,0.248049052,0.290275459,0.28475199,0.857783373,3.587,1
-122.03,37.91,0.549019608,0.592350441,0.484392419,0.481010017,0.543784446,0.500960774,2.753,1
-122.03,37.92,0.431372549,0.361338128,0.226309922,0.23351419,0.23943662,0.671967488,3.588,1
-122.03,37.93,0.392156863,0.513239621,0.34671126,0.368948247,0.375382731,0.617534676,3.448,1
-122.03,37.94,0.392156863,0.603574153,0.431438127,0.460976628,0.450091855,0.560760668,2.793,1
-122.03,37.95,0.431372549,0.285387381,0.307134894,0.249895659,0.315064299,0.393177401,2.114,1
-122.03,37.96,0.37254902,0.287021903,0.384057971,0.237270451,0.38273117,0.177621698,1.625,1
-122.03,37.97,0.617647059,0.30385747,0.352564103,0.363522538,0.378138396,0.289430383,1.589,1
-122.03,37.98,0.666666667,0.192473938,0.239687848,0.164927657,0.250663401,0.255727832,1.478,1
-122.03,37.99,0.68627451,0.264465512,0.239687848,0.259390651,0.279240661,0.468923933,1.6795,1
-122.03,38,0.470588235,0.389560859,0.322742475,0.364774624,0.361910594,0.577524516,1.783,1
-122.03,38.01,0.509803922,0.351531001,0.312151616,0.346619366,0.358848745,0.449553848,1.759,1
-122.02,37.53,0.392156863,0.466165414,0.374024526,0.46139399,0.415799143,0.575061843,2.422,1
-122.02,37.54,0.588235294,0.134902474,0.146042363,0.148998331,0.14329455,0.335177578,2.103,1
-122.02,37.55,0.62745098,0.14416476,0.151616499,0.188647746,0.162278016,0.44933298,1.772,1
-122.02,37.56,0.549019608,0.329301515,0.324693423,0.35110601,0.349357012,0.493269061,2.1895,1
-122.02,37.58,0.274509804,0.332352621,0.422519509,0.436560935,0.444580527,0.316039403,1.781,1
-122.02,37.59,0.333333333,0.126729868,0.184503902,0.177378965,0.194121249,0.352548812,2.132,1
-122.02,37.6,0.62254902,0.173531655,0.199832776,0.285527963,0.213563993,0.306039624,1.55825,1
-122.02,37.63,0.098039216,0.266209001,0.327759197,0.247078464,0.349663197,0.375022087,3.011,1
-122.02,37.8,0.196078431,0.675384112,0.504459309,0.476001669,0.547458665,0.789811379,3.593,1
-122.02,37.84,0.647058824,0.204533072,0.146599777,0.151085142,0.159828536,0.795929411,4.438,1
-122.02,37.87,0.254901961,0.332788493,0.204570792,0.251252087,0.229638702,0.876325205,4.414,1
-122.02,37.88,0.294117647,0.330064291,0.24303233,0.225792988,0.256582976,0.759044527,2.873,1
-122.02,37.89,0.549019608,0.691620355,0.477146042,0.510225376,0.47519902,0.773047531,3.562,1
-122.02,37.92,0.490196078,0.553012967,0.355629877,0.389607679,0.388242498,0.769878081,3.512,1
-122.02,37.94,0.392156863,0.365260979,0.35367893,0.289232053,0.371402327,0.407616618,2.401,1
-122.02,37.95,0.441176471,0.257546039,0.213489409,0.235601002,0.23759951,0.392939968,2.2265,1
-122.02,37.96,0.470588235,0.284733573,0.204013378,0.194073456,0.222902633,0.681685661,3.051,1
-122.02,37.97,0.68627451,0.254985289,0.241917503,0.247495826,0.253521127,0.386529287,1.71,1
-122.02,37.98,0.735294118,0.177999346,0.206243032,0.159432387,0.213104715,0.290689328,1.636,1
-122.02,37.99,0.705882353,0.244633322,0.230769231,0.257095159,0.241886099,0.43622449,1.619,1
-122.02,38,0.529411765,0.322872398,0.295986622,0.33096828,0.28781384,0.456930824,1.782,1
-122.02,38.02,0.843137255,0.15942029,0.136566332,0.169449082,0.14390692,0.482529375,1.569,1
-122.01,37.53,0.431372549,0.351857906,0.281772575,0.336498331,0.312002449,0.59482949,2.6665,1
-122.01,37.54,0.607843137,0.280047946,0.225195095,0.234348915,0.240661359,0.496963071,2.876,1
-122.01,37.55,0.568627451,0.264519996,0.285117057,0.281719533,0.293631353,0.398538961,2.4025,1
-122.01,37.56,0.274509804,0.30440231,0.350891862,0.28119783,0.377526026,0.399991165,1.8705,1
-122.01,37.58,0.31372549,0.46976136,0.398550725,0.547579299,0.440293938,0.580660836,2.318,1
-122.01,37.59,0.019607843,0.091097308,0.163322185,0.049040067,0.090018371,0.26229128,2.375,1
-122.01,37.83,0.568627451,0.426610003,0.30490524,0.276502504,0.33190447,0.669427511,3.866,1
-122.01,37.92,0.31372549,0.296502125,0.188963211,0.217341402,0.204225352,0.85652995,3.597,1
-122.01,37.93,0.470588235,0.288765392,0.185618729,0.22057596,0.203306797,0.782964484,3.302,1
-122.01,37.94,0.411764706,0.201155062,0.144370123,0.170388147,0.155541947,0.632316238,2.708,1
-122.01,37.95,0.137254902,0.421052632,0.299331104,0.32345576,0.312921004,0.617346939,2.982,1
-122.01,37.97,0.62745098,0.341451455,0.284559643,0.263772955,0.301898347,0.443087949,2.0885,1
-122.01,37.98,0.555555556,0.171697359,0.180230398,0.163884252,0.186364564,0.382318079,1.735,1
-122.01,37.99,0.529411765,0.206821401,0.222408027,0.190525876,0.213717085,0.362686633,1.449,1
