Longitude,Latitude,housing_median_age,total_rooms,total_bedrooms,population,households,median_income,median_house_value
-124.35,40.54,1,0.198103956,0.166109253,0.167153589,0.164115126,0.27771888,0.946
-124.3,41.8,0.352941176,0.290944753,0.30657748,0.269824708,0.291488059,0.163419913,0.858
-124.3,41.84,0.31372549,0.291489594,0.294871795,0.258555927,0.278015922,0.279552081,1.036
-124.27,40.69,0.68627451,0.255748066,0.293199554,0.24812187,0.28352725,0.222855376,0.79
-124.26,40.58,1,0.24136428,0.218506132,0.188230384,0.224739743,0.205097623,1.114
-124.25,40.28,0.607843137,0.155606407,0.232441472,0.089524207,0.113288426,0.15922343,0.761
-124.23,40.54,1,0.293342051,0.251393534,0.239357262,0.265156154,0.284996466,1.067
-124.23,40.81,1,0.12095456,0.115384615,0.112479132,0.104102878,0.314327679,0.508
-124.23,41.75,0.196078431,0.344012204,0.342251951,0.279215359,0.292100429,0.218725152,0.732
-124.22,41.73,0.529411765,0.327013185,0.38851728,0.318238731,0.398652786,0.132951232,0.783
-124.21,40.75,0.607843137,0.132505176,0.183389075,0.128338898,0.162890386,0.127319109,0.581
-124.21,41.75,0.37254902,0.41495042,0.437569677,0.414858097,0.440293938,0.166478929,0.669
-124.21,41.77,0.31372549,0.376920562,0.401337793,0.405258765,0.394978567,0.229658097,0.684
-124.19,40.73,0.392156863,0.620246268,0.587513935,0.605592654,0.593998775,0.335321141,0.901
-124.19,40.77,0.568627451,0.323962079,0.352285396,0.284223706,0.355786895,0.214473452,0.69
-124.19,40.78,0.705882353,0.149177291,0.176700111,0.132512521,0.157991427,0.14624746,0.7
-124.19,41.78,0.274509804,0.341941811,0.396878484,0.342237062,0.390691978,0.128710575,0.746
-124.18,40.62,0.666666667,0.103519669,0.098104794,0.099123539,0.108389467,0.282014754,1.07
-124.18,40.78,0.660130719,0.149467873,0.162207358,0.17097941,0.17493366,0.210715022,0.698
-124.18,40.79,0.754901961,0.175983437,0.183667781,0.173309683,0.187385181,0.122139765,0.6755
-124.17,40.62,0.607843137,0.173586139,0.171125975,0.146285476,0.168401715,0.264588303,0.864
-124.17,40.74,0.31372549,0.220551378,0.18729097,0.181135225,0.19044703,0.390471773,1.289
-124.17,40.75,0.235294118,0.236351749,0.187848384,0.197412354,0.214941825,0.480574697,1.161
-124.17,40.76,0.490196078,0.19330936,0.200111483,0.20596828,0.231475811,0.254627176,0.828
-124.17,40.77,0.568627451,0.206276561,0.202898551,0.205550918,0.218616044,0.190255323,0.813
-124.17,40.78,0.745098039,0.174784788,0.182831661,0.151502504,0.199020208,0.125563212,0.683
-124.17,40.79,0.823529412,0.248774109,0.265886288,0.242904841,0.293937538,0.162216185,0.705
-124.17,40.8,1,0.138680033,0.199368265,0.140929327,0.18860992,0.106575964,0.66
-124.17,41.76,0.37254902,0.291053721,0.29877369,0.26648581,0.313533374,0.216516477,1.059
-124.17,41.8,0.294117647,0.298245614,0.266443701,0.261686144,0.265768524,0.359550314,1.094
-124.16,40.6,0.745098039,0.143837856,0.156633222,0.132929883,0.177587263,0.215566746,0.851
-124.16,40.77,0.666666667,0.233082707,0.24303233,0.21869783,0.264543784,0.259850694,0.856
-124.16,40.78,0.888888889,0.235915877,0.22092159,0.177031163,0.22269851,0.285132668,0.830666667
-124.16,40.79,0.960784314,0.23420871,0.239502044,0.191777963,0.25494999,0.171106105,0.867333333
-124.16,40.8,1,0.228106498,0.295800818,0.208333333,0.296182894,0.109727008,0.764333333
-124.16,40.95,0.37254902,0.116922742,0.118171683,0.109348915,0.118799755,0.291622493,0.96
-124.16,41.02,0.431372549,0.181976681,0.213489409,0.220158598,0.23759951,0.18472259,0.755
-124.16,41.74,0.274509804,0.29563038,0.316053512,0.318656093,0.323331292,0.185860058,0.695
-124.16,41.92,0.352941176,0.181540809,0.179487179,0.174457429,0.172075934,0.180415673,0.75
-124.15,40.59,0.745098039,0.129018198,0.13154961,0.111435726,0.128597673,0.176020408,0.796
-124.15,40.76,0.450980392,0.311212815,0.283723523,0.28860601,0.312308634,0.317508172,1.006
-124.15,40.78,0.735294118,0.230739893,0.202898551,0.180509182,0.218309859,0.307541523,0.971
-124.15,40.79,0.705882353,0.293124115,0.27090301,0.262520868,0.296387018,0.278480873,0.864
-124.15,40.8,0.901960784,0.161708619,0.185618729,0.158597663,0.200244948,0.138605442,0.741
-124.15,40.81,0.960784314,0.036831208,0.040133779,0.047996661,0.04960196,0.138053273,0.675
-124.15,40.88,0.62745098,0.243325706,0.280936455,0.242070117,0.268830374,0.135292429,0.575
-124.15,41.81,0.31372549,0.356761469,0.348940914,0.7389399,0.357011635,0.197334128,1.031
-124.14,40.57,0.549019608,0.311866623,0.333333333,0.273163606,0.342927128,0.180614454,0.751
-124.14,40.58,0.470588235,0.206712433,0.197881828,0.184891486,0.216166565,0.242821804,0.925
-124.14,40.59,0.362745098,0.253132832,0.281772575,0.24624374,0.294549908,0.151332936,0.718
-124.14,40.6,0.509803922,0.124877411,0.113712375,0.107679466,0.132884262,0.389290132,1.281
-124.14,40.67,0.431372549,0.062983546,0.064102564,0.065734558,0.065523576,0.409212386,1.306
-124.14,40.72,0.333333333,0.281028659,0.27703456,0.285893155,0.306797306,0.258934093,1.005
-124.14,40.77,0.509803922,0.331698812,0.336120401,0.292570952,0.348438457,0.266631328,0.996
-124.14,40.78,0.666666667,0.264138607,0.234671126,0.203881469,0.263319045,0.322687517,0.928
-124.14,40.79,0.725490196,0.168900512,0.160535117,0.181135225,0.176974893,0.2197301,0.81
-124.14,40.8,0.607843137,0.149395227,0.172798216,0.180926544,0.186160441,0.220878611,0.726
-124.14,41.06,0.607843137,0.110929498,0.118729097,0.086811352,0.120024495,0.278392526,1.434
-124.14,41.95,0.392156863,0.293559987,0.321070234,0.251043406,0.301285977,0.19603101,1.224
-124.13,40.62,0.823529412,0.231993026,0.2212932,0.188856427,0.23698714,0.229757487,0.921
-124.13,40.78,0.647058824,0.233191675,0.232998885,0.219323873,0.232700551,0.177820479,0.869
-124.13,40.79,0.578431373,0.24446987,0.225195095,0.206072621,0.235456216,0.301859705,0.879
-124.13,40.8,0.588235294,0.234281356,0.256410256,0.261686144,0.255970606,0.193027211,0.811
-124.11,40.57,0.62745098,0.146671025,0.129319955,0.118530885,0.14329455,0.2197301,0.741
-124.11,40.81,0.431372549,0.104282445,0.117056856,0.087646077,0.105939988,0.226797862,0.961
-124.11,40.93,0.392156863,0.220605862,0.222686734,0.233305509,0.249234538,0.291086889,0.819
-124.11,40.95,0.352941176,0.188732701,0.202341137,0.179674457,0.208205756,0.271678152,0.817
-124.1,40.47,1,0.130107878,0.130434783,0.20033389,0.161053276,0.335122361,0.55
-124.1,40.5,0.68627451,0.234444808,0.262541806,0.238522538,0.267605634,0.165280723,0.649
-124.1,40.73,0.62745098,0.069957502,0.070791527,0.068656093,0.072872015,0.382763495,1.118
-124.1,40.88,0.666666667,0.325269696,0.321070234,0.328881469,0.357011635,0.172917219,0.811
-124.1,40.9,0.333333333,0.439141332,0.443701226,0.405467446,0.473361911,0.246510292,0.926
-124.1,40.95,0.31372549,0.161599651,0.191192865,0.170701169,0.19228414,0.154541037,0.784
-124.1,41.04,0.490196078,0.177726926,0.210702341,0.184682805,0.225352113,0.162801484,0.979
-124.09,40.44,0.725490196,0.241691184,0.236343367,0.216193656,0.244335579,0.209249934,0.705
-124.09,40.55,0.450980392,0.324288983,0.307134894,0.28484975,0.292712799,0.250077304,0.973
-124.09,40.86,0.470588235,0.143837856,0.214604236,0.164649416,0.230863442,0.0744655,0.75
-124.09,40.87,0.843137255,0.07518797,0.113712375,0.082011686,0.127985303,0.0726323,0.875
-124.09,40.88,0.679738562,0.202680615,0.228725381,0.195464663,0.239640743,0.172416586,0.873333333
-124.09,40.92,0.215686275,0.271875341,0.272575251,0.239565943,0.281690141,0.256018641,1.269
-124.09,40.95,0.333333333,0.244960227,0.268673356,0.259390651,0.28781384,0.230740348,0.996
-124.08,40.06,0.31372549,0.143510951,0.147714604,0.08096828,0.098591549,0.234682834,1.356
-124.08,40.86,0.333333333,0.140023973,0.268673356,0.166944908,0.306184936,0.068005124,1.5
-124.08,40.87,0.549019608,0.186117468,0.260312152,0.205550918,0.259032456,0.071561092,1.011
-124.08,40.91,0.235294118,0.274599542,0.399665552,0.287145242,0.383343539,0.128854139,0.788
-124.08,40.94,0.333333333,0.168682576,0.191192865,0.195325543,0.203919167,0.200415231,0.701
-124.08,40.99,0.333333333,0.359049798,0.367892977,0.323247078,0.352725046,0.241275731,1.113
-124.08,41.36,0.549019608,0.11191021,0.132107023,0.105175292,0.118799755,0.167384486,0.628
-124.07,40.81,0.431372549,0.22894192,0.227982163,0.211602671,0.2357624,0.275112642,1.197
-124.07,40.87,0.745098039,0.114144056,0.127090301,0.163397329,0.140538885,0.109461967,1.2615
-124.06,40.88,0.215686275,0.227198431,0.23522854,0.333472454,0.266993264,0.228244545,1.395
-124.06,41.13,0.411764706,0.355344884,0.44425864,0.287771285,0.352725046,0.217653945,1.194
-124.05,40.59,0.607843137,0.204424104,0.188405797,0.194490818,0.214941825,0.324774715,0.952
-124.05,40.85,0.588235294,0.262830991,0.237458194,0.208681135,0.244335579,0.333035162,1.43
-124.05,40.94,0.254901961,0.158003705,0.119843924,0.10663606,0.109614207,0.500596342,1.656
-124.03,40.45,0.647058824,0.109403945,0.11761427,0.091402337,0.0955297,0.232960067,0.713
-124.02,40.72,0.529411765,0.382586902,0.352285396,0.344949917,0.364972443,0.365491651,1.199
-124.02,40.8,0.411764706,0.281791435,0.241360089,0.248956594,0.269442743,0.384232264,1.339
-124.01,40.89,0.529411765,0.15996513,0.186176143,0.168196995,0.1910594,0.216008481,0.756
-124.01,40.97,0.392156863,0.164650757,0.176700111,0.195742905,0.183098592,0.335508879,1.027
-124,40.22,0.294117647,0.227307399,0.297101449,0.169240401,0.198407838,0.090456312,0.707
-123.98,40.88,0.784313725,0.18709818,0.206243032,0.175083472,0.204531537,0.242115028,0.842
-123.96,40.57,0.588235294,0.20180887,0.202341137,0.183222037,0.18860992,0.200636099,0.926
-123.92,41.54,0.411764706,0.317968835,0.353400223,0.287353923,0.304347826,0.167892482,0.711
-123.91,41.68,0.411764706,0.20464204,0.199554069,0.154006678,0.1910594,0.272649969,1.527
-123.88,40.93,0.529411765,0.138389452,0.143255295,0.107262104,0.133496632,0.30802191,1.063
-123.85,41.32,0.588235294,0.101994116,0.13154961,0.087646077,0.09491733,0.060595017,0.367
-123.84,39.83,0.352941176,0.158984418,0.188405797,0.106427379,0.137783221,0.113514886,1.458
-123.84,40.28,0.529411765,0.305873379,0.336120401,0.227045075,0.266993264,0.176285449,0.74
-123.83,41.88,0.333333333,0.163670045,0.197881828,0.136686144,0.156766687,0.290451895,1.167
-123.82,40.12,0.62745098,0.32505176,0.328316611,0.25375626,0.296387018,0.175269458,0.824
-123.82,40.16,0.352941176,0.248556173,0.352285396,0.246035058,0.276178812,0.079821539,0.768
-123.79,39.5,0.450980392,0.154625695,0.161092531,0.121661102,0.166564605,0.201552699,1.573
-123.78,40.05,0.31372549,0.219788602,0.275362319,0.186560935,0.211267606,0.186246577,1.019
-123.76,41.03,0.450980392,0.259779884,0.313823857,0.219741235,0.252296387,0.172773655,0.798
-123.75,40.11,0.666666667,0.223384548,0.26477146,0.186769616,0.244947949,0.161520452,1.015
-123.74,40.66,0.470588235,0.260760597,0.239130435,0.20409015,0.228413962,0.281274848,1.36
-123.73,40.48,0.470588235,0.21935273,0.2909699,0.154632721,0.152480098,0.134221221,0.771
-123.72,41.09,0.352941176,0.214449166,0.239130435,0.242278798,0.221065524,0.145871985,0.5
-123.71,39.88,0.803921569,0.165195598,0.212374582,0.135851419,0.184323331,0.109914745,0.698
-123.68,40.24,0.588235294,0.201590934,0.25083612,0.190317195,0.218616044,0.135292429,0.543
-123.66,41.3,0.411764706,0.171951618,0.206243032,0.142111853,0.160440906,0.144292782,0.627
-123.63,41.11,0.352941176,0.19559769,0.212931996,0.214524207,0.199020208,0.109461967,0.592
-123.58,39.66,0.274509804,0.200174349,0.271460424,0.184056761,0.202082058,0.192486085,1
-123.53,40.88,0.37254902,0.291816498,0.33277592,0.190525876,0.210042866,0.189018465,0.75
-123.52,41.01,0.31372549,0.170208129,0.191192865,0.106844741,0.134721372,0.182690609,0.838
-123.5,39.67,0.411764706,0.23123025,0.249721293,0.233096828,0.271892223,0.185462497,0.715
-123.48,40.34,0.352941176,0.056227525,0.059085842,0.04403172,0.04776485,0.243881968,0.645
-123.48,40.79,0.274509804,0.067233301,0.088071349,0.05884808,0.062461727,0.155799982,0.792
-123.47,39.8,0.333333333,0.231884058,0.302675585,0.179048414,0.210655236,0.205097623,0.792
-123.43,40.22,0.37254902,0.014274817,0.018394649,0.017111853,0.021432945,0.345116618,0.675
-123.41,40.07,0.31372549,0.048708728,0.083054627,0.028380634,0.031230863,0.037138882,0.875
-123.41,40.61,0.31372549,0.083578511,0.113154961,0.061769616,0.075933864,0.14219454,0.55
-123.41,41.6,0.431372549,0.180015256,0.204570792,0.138564274,0.165952235,0.161796537,0.654
-123.38,41.8,0.470588235,0.211289092,0.26477146,0.20763773,0.23759951,0.198526813,0.544
-123.35,40.99,0.431372549,0.015146562,0.031772575,0.008764608,0.012859767,0.069032158,0.66
-123.34,39.5,0.274509804,0.254985289,0.297101449,0.220993322,0.263931415,0.154253909,0.966
-123.32,40.43,0.274509804,0.07180996,0.080267559,0.026293823,0.033680343,0,0.567
-123.28,40.77,0.470588235,0.083360575,0.113712375,0.061769616,0.072872015,0.12424905,0.792
-123.26,41.86,0.470588235,0.255203225,0.295429208,0.232053422,0.258420086,0.245416998,0.646
-123.24,39.81,0.470588235,0.156151248,0.168338907,0.154632721,0.157379057,0.141233766,0.579
-123.23,39.77,0.470588235,0.225890814,0.241360089,0.205759599,0.229638702,0.080417881,0.603
-123.22,40.16,0.509803922,0.201155062,0.24916388,0.081594324,0.090630741,0.259221221,0.413
-123.22,40.54,0.509803922,0.171188842,0.200111483,0.175709516,0.200857318,0.154993816,0.496
-123.21,40.51,0.294117647,0.026043369,0.045707915,0.030676127,0.036129822,0.096640604,0.488
-123.18,40.58,0.333333333,0.157894737,0.153846154,0.143989983,0.154317208,0.135424949,0.737
-123.17,40.31,0.68627451,0.010460935,0.014492754,0.002712855,0.003674219,0.00398666,0.14999
-123.15,39.74,0.431372549,0.066034652,0.078595318,0.057595993,0.064911206,0.268431399,0.7
-123.13,40.85,0.333333333,0.179579383,0.2090301,0.139816361,0.171463564,0.153878434,0.847
-123.12,40.54,0.431372549,0.118666231,0.119843924,0.111435726,0.121861604,0.151261154,0.615
-123.11,40.6,0.431372549,0.076931459,0.11148272,0.064899833,0.082057563,0.072919428,0.65
-123.08,40.4,0.176470588,0.03955541,0.05574136,0.028171953,0.028781384,0.143232618,0.375
-123.08,41.26,0.647058824,0.301950528,0.377369008,0.221410684,0.258420086,0.129848043,0.633
-122.96,40.77,0.549019608,0.178162798,0.164437012,0.156093489,0.164115126,0.30802191,0.931
-122.95,40.67,0.31372549,0.163016236,0.183389075,0.118739566,0.146968769,0.168621345,0.942
-122.95,40.71,0.490196078,0.242889833,0.233556299,0.204924875,0.221677893,0.218581588,0.888
-122.93,40.78,0.37254902,0.40928408,0.443701226,0.350584307,0.462339253,0.206157788,0.912
-122.93,41.48,0.37254902,0.467037158,0.438684504,0.374582638,0.402939375,0.245505345,0.796
-122.92,41.7,0.431372549,0.437506811,0.440356745,0.339941569,0.377832211,0.205097623,0.62
-122.9,41.46,0.588235294,0.138934292,0.14548495,0.124165275,0.146356399,0.135756251,0.617
-122.89,40.76,0.254901961,0.077367331,0.071906355,0.055300501,0.053888549,0.209371411,1.021
-122.86,40.56,0.215686275,0.146888962,0.166109253,0.087228715,0.104102878,0.136871632,0.813
-122.81,40.93,0.294117647,0.223166612,0.261426979,0.121661102,0.118187385,0.243881968,0.889
-122.79,40.75,0.31372549,0.41941811,0.454849498,0.281093489,0.341702388,0.179465942,0.717
-122.76,40.4,0.411764706,0.234390324,0.255852843,0.187395659,0.1910594,0.179465942,1.232
-122.74,39.71,0.294117647,0.027568922,0.039576366,0.016694491,0.022045315,0.128191536,0.14999
-122.73,41.76,0.352941176,0.239511823,0.229654404,0.197203673,0.223515003,0.224821097,0.942
-122.72,40.17,0.294117647,0.042933421,0.042363434,0.038188648,0.042865891,0.098175634,0.875
-122.68,41.15,0.607843137,0.088808979,0.113712375,0.045701169,0.053276179,0.345779221,0.904
-122.66,40.52,0.235294118,0.328102866,0.269788183,0.282971619,0.314145744,0.445688665,1.712
-122.65,41.72,0.274509804,0.396752751,0.445373467,0.37124374,0.453766075,0.149461083,0.575
-122.64,41.63,0.352941176,0.296393157,0.265886288,0.230175292,0.262094305,0.287823571,1
-122.64,41.73,0.823529412,0.263702735,0.269788183,0.223601836,0.279240661,0.17063124,0.672
-122.64,41.74,0.62745098,0.287893647,0.254738016,0.231218698,0.294549908,0.310274759,0.813
-122.64,41.95,0.333333333,0.203225455,0.23522854,0.166318865,0.1910594,0.14624746,0.535
-122.61,41.74,0.274509804,0.458101776,0.512820513,0.387729549,0.530924679,0.172188356,0.557
-122.57,39.9,0.274509804,0.421815408,0.45039019,0.353088481,0.38273117,0.215964308,0.556
-122.57,40.61,0.509803922,0.167592895,0.174470457,0.183222037,0.195345989,0.254406308,0.934
-122.56,40.75,0.37254902,0.128582325,0.138238573,0.105801336,0.127372933,0.142857143,0.745
-122.56,41.53,0.549019608,0.188187861,0.196767001,0.175918197,0.199632578,0.188013517,0.609
-122.56,41.69,0.392156863,0.218807889,0.199554069,0.196577629,0.186160441,0.211016874,0.701
-122.53,39.5,0.470588235,0.133921761,0.132664437,0.136268781,0.127985303,0.219343582,0.719
-122.53,41.81,0.392156863,0.261305438,0.269230769,0.230383973,0.270055113,0.139588303,0.554
-122.49,41.43,0.352941176,0.401765283,0.357859532,0.321160267,0.345376607,0.289899726,0.761
-122.46,40.52,0.235294118,0.226980495,0.178372352,0.223706177,0.202694427,0.520695291,1.465
-122.45,40.46,0.294117647,0.297700774,0.278149387,0.293823038,0.295162278,0.254947434,1.057
-122.45,40.56,0.31372549,0.186335404,0.170011148,0.199916528,0.200244948,0.379627176,1.487
-122.45,40.61,0.31372549,0.085322001,0.085284281,0.085976628,0.082057563,0.201983391,0.582
-122.45,40.85,0.37254902,0.294104827,0.318283166,0.185100167,0.218003674,0.251093294,1.078
-122.45,41.28,0.274509804,0.298354582,0.279264214,0.246869783,0.271279853,0.32600053,1.288
-122.43,40.47,0.294117647,0.386836657,0.391304348,0.374791319,0.401714636,0.182182613,0.977
-122.43,40.66,0.274509804,0.275689223,0.254180602,0.245826377,0.274341702,0.2254837,0.922
-122.42,40.32,0.294117647,0.215320911,0.207915273,0.199499165,0.202694427,0.241054864,0.839
-122.42,40.57,0.176470588,0.865969271,0.728539576,0.66172788,0.710961421,0.39866596,1.201
-122.42,40.59,0.450980392,0.549525989,0.540691193,0.462228715,0.598285364,0.240668345,1.389
-122.42,40.6,0.078431373,0.284624605,0.240245262,0.265025042,0.250459277,0.325393144,1.229
-122.42,40.63,0.431372549,0.244742291,0.271460424,0.235183639,0.270667483,0.126225815,0.804
-122.41,40.53,0.529411765,0.122589081,0.135451505,0.111227045,0.126148194,0.169747769,0.72
-122.41,40.55,0.352941176,0.408739239,0.423076923,0.40630217,0.450704225,0.286630886,0.865
-122.41,40.58,0.666666667,0.22556391,0.213489409,0.213689482,0.228413962,0.259662956,0.756
-122.4,40.51,0.37254902,0.19047619,0.19509476,0.172996661,0.206981017,0.219222104,1.006
-122.4,40.57,0.431372549,0.143728887,0.143255295,0.155258765,0.134721372,0.127562064,0.901
-122.4,40.58,0.794117647,0.291271657,0.341415831,0.26283389,0.362829149,0.172210443,0.912
-122.4,40.62,0.156862745,0.522175003,0.494425864,0.450125209,0.528475199,0.291986925,1.031
-122.4,40.71,0.411764706,0.260215757,0.268673356,0.234974958,0.275566442,0.181762965,0.847
-122.39,40.52,0.450980392,0.225128037,0.191750279,0.197412354,0.202082058,0.378865182,0.859
-122.39,40.53,0.529411765,0.155279503,0.168338907,0.14336394,0.173300674,0.179465942,0.808
-122.39,40.57,0.725490196,0.092949766,0.094760312,0.096619366,0.090630741,0.100406396,0.844
-122.39,40.58,0.843137255,0.176855181,0.217391304,0.195951586,0.211267606,0.121178991,0.689
-122.39,40.59,0.490196078,0.139152228,0.24303233,0.265233723,0.255970606,0.081776217,0.813
-122.39,40.6,0.411764706,0.238966983,0.271460424,0.212020033,0.280465401,0.100781871,0.665
-122.39,40.64,0.235294118,0.392502997,0.391304348,0.332429048,0.409063074,0.211392349,0.787
-122.39,41.41,0.431372549,0.09894301,0.109810479,0.076168614,0.102265769,0.137479018,0.801
-122.38,39.68,0.392156863,0.125640187,0.115942029,0.105383973,0.105939988,0.208189769,0.675
-122.38,40.09,0.294117647,0.22610875,0.21516165,0.239983306,0.23698714,0.291125541,0.848
-122.38,40.2,0.294117647,0.296393157,0.283723523,0.284015025,0.301898347,0.258945136,0.877
-122.38,40.54,0.68627451,0.13228724,0.132664437,0.133973289,0.138395591,0.242346939,0.753
-122.38,40.56,0.431372549,0.248338237,0.226309922,0.241861436,0.255970606,0.335144447,1.012
-122.38,40.57,0.823529412,0.245069195,0.301003344,0.307595993,0.312308634,0.117910151,0.582
-122.38,40.58,0.666666667,0.167048055,0.1803233,0.137416528,0.195345989,0.140030038,0.737
-122.38,40.61,0.254901961,0.519886673,0.630434783,0.437395659,0.655235762,0.135038431,1.05
-122.38,40.67,0.176470588,0.248338237,0.246376812,0.264816361,0.266993264,0.189073681,0.656
-122.38,40.69,0.392156863,0.193091424,0.205128205,0.181552588,0.215554195,0.13719189,0.615
-122.38,41.43,0.862745098,0.244415386,0.248606466,0.239983306,0.256582976,0.127109285,0.462
-122.38,41.54,0.254901961,0.48501689,0.443143813,0.378130217,0.418248622,0.248133669,0.811
-122.37,40.39,0.215686275,0.412008282,0.390189521,0.410058431,0.390079608,0.309280855,0.985
-122.37,40.45,0.333333333,0.190258254,0.186733556,0.19115192,0.199020208,0.312704303,0.854
-122.37,40.52,0.333333333,0.495259889,0.4303233,0.47245409,0.467850582,0.363294019,0.981
-122.37,40.54,0.529411765,0.240928408,0.216276477,0.227671119,0.230251072,0.352548812,0.869
-122.37,40.55,0.490196078,0.156151248,0.129319955,0.112479132,0.14084507,0.239707571,1.367
-122.37,40.58,0.470588235,0.223602484,0.274804905,0.173205342,0.289650949,0.182646435,0.769
-122.37,40.6,0.117647059,0.564018743,0.743589744,0.532554257,0.784445805,0.21070766,1.114
-122.37,41.41,0.529411765,0.188187861,0.232441472,0.192821369,0.225352113,0.085045057,0.531
-122.36,40.48,0.392156863,0.254004577,0.285395764,0.271911519,0.310471525,0.175589716,0.748
-122.36,40.55,0.392156863,0.272202245,0.258639911,0.296953255,0.306184936,0.237587243,1.133
-122.36,40.56,0.37254902,0.39119538,0.482720178,0.388146912,0.47703613,0.168510911,0.648
-122.36,40.57,0.588235294,0.046747303,0.049052397,0.047161937,0.04654011,0.185981535,0.773
-122.36,40.58,0.31372549,0.132723112,0.152173913,0.165901503,0.158603797,0.156617192,1.188
-122.36,40.62,0.196078431,0.424321674,0.492753623,0.395868114,0.515003062,0.197742733,0.942
-122.36,40.66,0.31372549,0.303367113,0.310479376,0.317821369,0.315370484,0.166975881,0.758
-122.36,40.68,0.529411765,0.18993135,0.210144928,0.209933222,0.225352113,0.16997968,0.598
-122.36,40.69,0.607843137,0.393265773,0.429208473,0.428839733,0.463563993,0.137247107,0.606
-122.35,40.25,0.176470588,0.176419309,0.176142698,0.179674457,0.172075934,0.331312395,1.043
-122.35,40.54,0.31372549,0.248229269,0.251393534,0.202629382,0.264543784,0.244069706,0.978
-122.35,40.56,0.254901961,0.36487959,0.410535117,0.399624374,0.435701164,0.159482949,0.834
-122.35,40.57,0.37254902,0.153154626,0.162486065,0.123852254,0.169626454,0.217896899,0.7845
-122.35,40.68,0.68627451,0.198321892,0.24916388,0.19303005,0.243110839,0.097203817,0.566
-122.34,40.32,0.215686275,0.419091206,0.382943144,0.417988314,0.417023882,0.235809259,0.922
-122.34,40.51,0.294117647,0.244633322,0.2787068,0.250626043,0.282302511,0.165065377,1.192
-122.34,40.57,0.470588235,0.206657949,0.21599777,0.216715359,0.234537661,0.20423624,0.7535
-122.34,40.58,0.117647059,0.527514438,0.551839465,0.462854758,0.56950398,0.282158318,1.017
-122.34,40.63,0.176470588,0.237659366,0.204570792,0.220367279,0.197795468,0.351775775,1.516
-122.34,41.06,0.62745098,0.233954451,0.276477146,0.130634391,0.165952235,0.152586359,0.658
-122.34,41.21,0.490196078,0.019178381,0.021181717,0.010434057,0.014084507,0.169802986,0.575
-122.33,40.47,0.568627451,0.272420181,0.290412486,0.269407346,0.293325168,0.179465942,0.661
-122.33,40.48,0.490196078,0.075514874,0.069119287,0.065525876,0.074709124,0.306884442,1.016
-122.33,40.52,0.431372549,0.305001635,0.281493868,0.273998331,0.276791182,0.332206909,1.167
-122.33,40.57,0.294117647,0.302386401,0.279264214,0.29778798,0.304960196,0.227416291,0.759
-122.33,40.6,0.078431373,0.69532527,0.671125975,0.61769616,0.697489284,0.365579998,1.111
-122.33,41.86,0.352941176,0.391958156,0.386287625,0.327003339,0.366809553,0.191503225,0.586
-122.32,40.42,0.31372549,0.328756674,0.321070234,0.31990818,0.33251684,0.25323571,0.765
-122.32,40.57,0.274509804,0.274817478,0.24916388,0.285684474,0.28475199,0.318237035,0.938
-122.32,40.58,0.019607843,0.21085322,0.193979933,0.156719533,0.166564605,0.276095503,1.142
-122.32,40.71,0.333333333,0.313501144,0.321070234,0.290901503,0.357624005,0.210232794,1.054
-122.32,41.31,0.862745098,0.151574589,0.162764771,0.107679466,0.151255358,0.076376005,0.719
-122.31,40.45,0.323529412,0.205895173,0.219899666,0.235183639,0.242804654,0.169471685,0.636
-122.31,40.47,0.490196078,0.296502125,0.306020067,0.27566778,0.33374158,0.205351621,0.66
-122.31,40.49,0.333333333,0.438487523,0.399108138,0.360183639,0.43049602,0.314747328,1.184
-122.31,40.65,0.196078431,0.399041081,0.359531773,0.350792988,0.374157991,0.268784787,1.416
-122.31,40.75,0.333333333,0.153536014,0.182831661,0.102045075,0.137783221,0.109461967,0.758
-122.31,40.89,0.333333333,0.08194399,0.088628763,0.050500835,0.064298836,0.194186766,0.788
-122.3,40.45,0.607843137,0.139915005,0.149944259,0.143781302,0.14329455,0.127882322,0.685
-122.3,40.58,0.352941176,0.113435763,0.112597547,0.104340568,0.110838947,0.121852637,0.988
-122.3,41.31,0.549019608,0.44208347,0.437569677,0.353714524,0.42865891,0.21564405,0.971
-122.3,41.32,0.235294118,0.25040863,0.28483835,0.239148581,0.297611758,0.183010867,0.815
-122.29,40.39,0.31372549,0.183066362,0.183946488,0.184056761,0.19228414,0.148411962,0.764
-122.29,40.43,0.392156863,0.309469325,0.355629877,0.344949917,0.371096142,0.165032247,0.598
-122.29,40.44,0.568627451,0.138171516,0.202341137,0.174248748,0.197183099,0.098341285,0.481
-122.29,40.47,0.37254902,0.311212815,0.340022297,0.295701169,0.359461115,0.16187384,0.63
-122.28,40.5,0.392156863,0.261850278,0.264214047,0.248747913,0.251071647,0.237311158,0.831
-122.28,41.38,0.274509804,0.573607933,0.573578595,0.446994992,0.540722596,0.254406308,1.101
-122.27,40.39,0.490196078,0.19952054,0.234113712,0.19490818,0.248622168,0.09466384,0.59
-122.27,40.46,0.254901961,0.286694998,0.294314381,0.275250417,0.312921004,0.196229791,0.786
-122.27,40.53,0.31372549,0.245505067,0.230769231,0.243322204,0.250459277,0.26229128,1.298
-122.27,41.2,1,0.491554974,0.54793757,0.400876461,0.497856705,0.120637866,0.56
-122.27,41.23,0.764705882,0.21314155,0.214046823,0.150250417,0.201469688,0.186622051,0.655
-122.26,40.19,0.666666667,0.268606298,0.260312152,0.24812187,0.270667483,0.170355155,0.637
-122.26,40.58,0.254901961,0.276452,0.258639911,0.264190317,0.266993264,0.383900963,1.385
-122.26,41.66,0.31372549,0.20518688,0.193979933,0.197829716,0.199632578,0.183408428,0.614
-122.25,39.79,0.294117647,0.231557154,0.228539576,0.229340568,0.224739743,0.281274848,0.722
-122.25,40.15,0.274509804,0.182521521,0.191750279,0.178005008,0.199020208,0.2139765,0.592
-122.25,40.17,0.62745098,0.257818459,0.260312152,0.268885643,0.287507655,0.15353609,0.595
-122.25,40.42,0.31372549,0.155497439,0.146599777,0.14336394,0.148805879,0.260756251,0.987
-122.25,40.6,0.294117647,0.299771167,0.274247492,0.29403172,0.279853031,0.368009541,1.283
-122.25,40.66,0.274509804,0.301732592,0.303232999,0.29590985,0.308022045,0.346916689,1.085
-122.24,40.16,0.352941176,0.272202245,0.282608696,0.268781302,0.301285977,0.169526902,0.551
-122.24,40.17,0.980392157,0.25890814,0.324414716,0.224958264,0.301285977,0.118948229,0.519
-122.24,40.18,0.745098039,0.23853111,0.273690078,0.271702838,0.304347826,0.126822157,0.608
-122.24,40.19,0.549019608,0.208129018,0.186176143,0.178213689,0.197795468,0.353399152,0.705
-122.24,40.45,0.509803922,0.196360466,0.177814939,0.162145242,0.182486222,0.342112819,0.806
-122.24,40.51,0.431372549,0.241255312,0.209587514,0.208889816,0.205756277,0.448261772,1.168
-122.23,39.53,0.137254902,0.13795358,0.186176143,0.257095159,0.198407838,0.096176782,1.25
-122.23,39.75,0.294117647,0.220551378,0.219620959,0.214106845,0.232700551,0.158759608,0.731
-122.23,39.86,0.392156863,0.188296829,0.193979933,0.203881469,0.195958359,0.147716229,0.798
-122.23,39.95,0.392156863,0.227198431,0.211817168,0.184265442,0.219840784,0.188521513,0.864
-122.23,40.15,0.254901961,0.250081726,0.318283166,0.340567613,0.336191059,0.142139323,0.516
-122.23,40.17,0.392156863,0.152446333,0.183389075,0.134808013,0.181873852,0.190509321,0.647
-122.23,40.2,0.31372549,0.082815735,0.07580825,0.06615192,0.083894672,0.418742822,1.288
-122.23,40.32,0.176470588,0.254331481,0.236343367,0.208263773,0.224127373,0.285294637,0.813
-122.23,40.4,0.333333333,0.228832952,0.2090301,0.219949917,0.233925291,0.282235622,0.955
-122.23,40.57,0.333333333,0.177726926,0.134336678,0.155467446,0.153092468,0.514466826,1.508
-122.23,40.63,0.294117647,0.124114634,0.121516165,0.116444073,0.121249235,0.201961304,1.307
-122.22,39.51,0.31372549,0.130652719,0.148272018,0.114774624,0.168401715,0.176705098,0.669
-122.22,40.18,0.235294118,0.405034325,0.446488294,0.364983306,0.466625842,0.204501281,0.889
-122.21,40.18,0.568627451,0.08085431,0.085841695,0.08451586,0.099816289,0.186622051,0.632
-122.21,40.2,0.352941176,0.370709382,0.406354515,0.295492487,0.417023882,0.233567453,0.844
-122.2,39.51,0.705882353,0.256728778,0.22909699,0.220158598,0.258420086,0.257686191,0.697
-122.2,39.52,0.745098039,0.277759616,0.267558528,0.245409015,0.266380894,0.172563831,0.634
-122.2,39.53,0.411764706,0.35556282,0.365663322,0.342654424,0.362522964,0.205042407,0.71
-122.2,39.75,0.333333333,0.283425956,0.319955407,0.336185309,0.358848745,0.167782048,0.637
-122.2,39.93,0.156862745,0.141004686,0.158862876,0.159223706,0.157991427,0.156727626,0.544
-122.2,40.26,0.274509804,0.228832952,0.198439242,0.198664441,0.225964483,0.297166269,1.379
-122.19,39.5,0.431372549,0.050125313,0.052954292,0.053422371,0.053888549,0.184490679,0.53
-122.19,39.53,0.647058824,0.29170753,0.295986622,0.267529215,0.308022045,0.183883294,0.587
-122.19,39.74,0.745098039,0.455159638,0.452619844,0.439482471,0.494182486,0.204390847,0.656
-122.19,39.91,0.745098039,0.268606298,0.293756968,0.297996661,0.306184936,0.149880732,0.535
-122.19,39.92,0.37254902,0.279067233,0.365663322,0.283388982,0.372933252,0.057767912,0.542
-122.19,40.07,0.392156863,0.16846464,0.160535117,0.154215359,0.161053276,0.163154872,0.55
-122.19,40.2,0.568627451,0.299444263,0.264214047,0.269407346,0.282914881,0.334680625,0.736
-122.18,39.55,0.529411765,0.160074098,0.143255295,0.139398998,0.149418249,0.303703949,0.816
-122.18,39.7,0.431372549,0.180451128,0.170011148,0.173414023,0.180649112,0.314747328,0.854
-122.18,39.75,0.568627451,0.452762341,0.463768116,0.392320534,0.472749541,0.131957328,0.675
-122.18,39.93,0.666666667,0.15092078,0.150501672,0.126252087,0.14390692,0.185087022,0.595
-122.18,40.02,0.568627451,0.212487741,0.220178372,0.199499165,0.202694427,0.193270165,0.682
-122.17,39.92,0.294117647,0.170426065,0.169453735,0.135016694,0.174525413,0.155037989,0.608
-122.17,39.94,0.607843137,0.25607497,0.26477146,0.273580968,0.272504593,0.190973143,0.574
-122.17,40.11,0.450980392,0.17750899,0.188405797,0.216402337,0.202694427,0.140350296,0.59
-122.17,40.2,0.529411765,0.193963169,0.185061315,0.181135225,0.18922229,0.315785405,0.791
-122.16,39.74,0.37254902,0.076822491,0.069119287,0.069282137,0.075321494,0.281274848,0.85
-122.16,39.78,0.607843137,0.140132941,0.122073579,0.116235392,0.123086344,0.201552699,0.696
-122.14,39.65,0.62745098,0.045439686,0.04180602,0.03860601,0.039804042,0.347093383,0.875
-122.14,39.97,0.509803922,0.117358614,0.122630992,0.129382304,0.119412125,0.290661719,0.627
-122.14,40.07,0.588235294,0.223493516,0.258082497,0.247913189,0.272504593,0.109594487,0.444
-122.13,39.74,0.37254902,0.152446333,0.154960981,0.138355593,0.151867728,0.194032158,0.943
-122.13,40.01,0.392156863,0.099596818,0.107023411,0.093071786,0.107777097,0.179465942,0.633
-122.12,39.91,0.294117647,0.436308162,0.443143813,0.422161937,0.459277404,0.209051153,0.772
-122.12,40.14,0.647058824,0.212269805,0.225752508,0.213689482,0.229026332,0.223054157,0.823
-122.11,39.82,0.509803922,0.115833061,0.118171683,0.104966611,0.120024495,0.234682834,0.917
-122.1,40.05,0.490196078,0.068758854,0.070791527,0.062604341,0.084507042,0.185837972,0.727
-122.09,41.32,1,0.437724747,0.45819398,0.359557596,0.431108389,0.192850517,0.629
-122.08,40.09,0.352941176,0.284297701,0.279264214,0.24624374,0.294549908,0.206047354,0.94
-122.08,40.64,0.254901961,0.33747412,0.288182832,0.300918197,0.301285977,0.387987013,1.412
-122.07,40.95,0.254901961,0.296284189,0.348383501,0.281928214,0.28536436,0.279397473,0.732
-122.06,40.02,0.607843137,0.156151248,0.15328874,0.142946578,0.154317208,0.19926672,0.684
-122.06,40.55,0.31372549,0.332897461,0.320512821,0.311352254,0.339252909,0.333399594,1.01
-122.05,39.6,0.647058824,0.22327558,0.189520624,0.198873122,0.195958359,0.259154961,0.953
-122.04,39.72,0.431372549,0.272420181,0.267001115,0.300083472,0.277403552,0.227780723,0.7
-122.01,39.74,0.37254902,0.253895609,0.287625418,0.386268781,0.301898347,0.184943458,0.587
-122,39.94,0.509803922,0.092622862,0.096989967,0.095784641,0.089406001,0.133912006,0.582
-121.97,39.79,0.294117647,0.158112673,0.165551839,0.187604341,0.173913043,0.339429278,0.896
-121.93,41.86,0.529411765,0.46017217,0.46432553,0.3971202,0.418860992,0.136948935,0.44
-121.92,40.52,0.235294118,0.498964803,0.489966555,0.374373957,0.448254746,0.198714551,0.995
-121.9,39.59,0.37254902,0.15942029,0.153846154,0.15442404,0.151867728,0.282997615,0.938
-121.89,39.71,0.490196078,0.29846355,0.250278707,0.252921536,0.266380894,0.353476456,1.392
-121.89,40.97,0.490196078,0.128691293,0.152731327,0.106010017,0.124923454,0.190509321,0.52
-121.87,39.74,0.117647059,0.189059606,0.160535117,0.154841402,0.161053276,0.375485909,1.47
-121.87,39.75,0.411764706,0.185790563,0.163879599,0.170492487,0.180649112,0.349257885,1.266
-121.87,39.82,0.196078431,0.555846137,0.458751394,0.511477462,0.494794856,0.442099567,1.597
-121.86,39.74,0.235294118,0.380516509,0.468784838,0.326794658,0.478873239,0.066481138,1.202
-121.86,39.75,0.333333333,0.179688351,0.171125975,0.177587646,0.178199633,0.33182039,1.183
-121.86,39.78,0.215686275,0.833714722,0.878483835,0.756051753,0.913655848,0.286089761,1.178
-121.86,40.77,0.31372549,0.306636156,0.355072464,0.21327212,0.247397428,0.221209913,0.656
-121.85,39.73,0.656862745,0.2105808,0.251672241,0.372078464,0.260869565,0.185451453,1.132
-121.85,39.74,0.764705882,0.21989757,0.26477146,0.212750417,0.273116963,0.157191448,0.8515
-121.85,39.75,0.745098039,0.061675929,0.0696767,0.054674457,0.077770974,0.144624083,0.781
-121.85,39.77,0.31372549,0.574370709,0.654960981,0.509390651,0.733006736,0.158616044,0.899
-121.84,39.68,0.725490196,0.059605536,0.057413601,0.056343907,0.056338028,0.335453662,1.531
-121.84,39.72,1,0.158548545,0.215719064,0.166318865,0.208205756,0.050435109,0.69
-121.84,39.73,1,0.081317424,0.102982163,0.088845993,0.102112676,0.098904497,1.15575
-121.84,39.74,0.823529412,0.324071047,0.33277592,0.245409015,0.341702388,0.194606414,0.851
-121.84,39.75,0.549019608,0.475100795,0.585841695,0.427378965,0.611145132,0.135667904,0.745
-121.84,39.76,0.254901961,0.255966002,0.344481605,0.252504174,0.33435395,0.200503578,1.023
-121.83,39.72,1,0.205731721,0.232998885,0.20221202,0.233312921,0.13062108,0.787
-121.83,39.73,1,0.189495478,0.222408027,0.156093489,0.229638702,0.166368495,0.779
-121.83,39.74,0.647058824,0.355344884,0.335562988,0.268155259,0.362522964,0.229161145,1.303
-121.83,40.69,0.254901961,0.089244851,0.093645485,0.098497496,0.077770974,0.292660571,0.875
-121.82,39.72,0.803921569,0.324288983,0.385730212,0.391068447,0.414574403,0.111151603,0.663
-121.82,39.73,0.735294118,0.281192111,0.32664437,0.263042571,0.327924066,0.167599832,0.7305
-121.82,39.75,0.62745098,0.543532745,0.485785953,0.446577629,0.532761788,0.288624216,1.042
-121.82,39.76,0.431372549,0.654680179,0.620958751,0.564482471,0.702388242,0.276846453,1.073
-121.81,39.7,0.392156863,0.550179797,0.586399108,0.614148581,0.598897734,0.119975263,0.813
-121.81,39.71,0.333333333,0.132941048,0.138238573,0.146702838,0.170851194,0.168842212,1.167
-121.8,39.64,0.470588235,0.239729759,0.234113712,0.230383973,0.245560318,0.25738802,0.875
-121.8,39.75,0.362745098,0.531709709,0.481884058,0.445012521,0.500306185,0.355795565,1.239
-121.8,40.34,0.490196078,0.524463332,0.50613155,0.278797997,0.328842621,0.262953883,0.798
-121.79,39.73,0.137254902,0.619810396,0.661649944,0.601419032,0.658297612,0.282997615,1.163
-121.78,39.71,0.137254902,0.015037594,0.014492754,0.01648581,0.016533987,0.179465942,1.792
-121.78,40.12,0.254901961,0.042061676,0.059085842,0.006260434,0.009185548,0.622404806,1.063
-121.76,41.5,0.588235294,0.065380843,0.084169454,0.022328881,0.027556644,0.062593869,0.342
-121.75,39.88,0.294117647,0.312193527,0.310479376,0.25,0.273729333,0.244544571,0.953
-121.74,39.59,0.450980392,0.167048055,0.154403567,0.150459098,0.165339865,0.207990989,0.951
-121.71,39.71,0.31372549,0.299226327,0.308807135,0.243948247,0.313533374,0.283384133,1.026
-121.68,39.82,0.274509804,0.435218481,0.415830546,0.371661102,0.444580527,0.333399594,1.413
-121.67,40.61,0.137254902,0.262504086,0.25696767,0.162979967,0.180649112,0.182370351,0.804
-121.67,40.87,0.588235294,0.172060586,0.165551839,0.160893155,0.174525413,0.265747858,0.778
-121.67,40.89,0.31372549,0.277432712,0.298216276,0.232262104,0.281077771,0.19514754,0.578
-121.66,39.66,0.31372549,0.381388253,0.363991081,0.366861436,0.374157991,0.271954236,1.012
-121.65,39.53,0.431372549,0.15092078,0.180044593,0.132512521,0.175750153,0.108600583,0.652
-121.65,39.76,0.588235294,0.174022012,0.176142698,0.164649416,0.184323331,0.276095503,0.967
-121.65,40.88,0.274509804,0.316770186,0.30490524,0.319699499,0.318432333,0.278072268,0.613
-121.64,39.74,0.37254902,0.196796339,0.185061315,0.158180301,0.203919167,0.206643696,1.218
-121.64,40.9,0.450980392,0.243543642,0.240802676,0.172996661,0.193508879,0.138472922,0.903
-121.63,39.75,0.705882353,0.141004686,0.163879599,0.11769616,0.156154317,0.150377684,0.705
-121.63,39.76,0.411764706,0.282881116,0.267558528,0.239148581,0.298836497,0.256018641,1.097
-121.63,39.78,0.529411765,0.182521521,0.18115942,0.159641068,0.187997551,0.24101069,0.934
-121.63,39.82,0.196078431,0.432821183,0.404124861,0.334933222,0.387017759,0.233545366,1.077
-121.63,40.92,0.431372549,0.209218699,0.227982163,0.180926544,0.213104715,0.191470095,0.645
-121.62,39.5,0.333333333,0.229159856,0.230769231,0.20221202,0.234537661,0.125309215,0.633
-121.62,39.75,0.37254902,0.127601613,0.144370123,0.108096828,0.156766687,0.062130047,0.928
-121.62,39.76,0.254901961,0.224583197,0.310479376,0.193864775,0.322718922,0.141233766,0.858
-121.62,39.77,0.431372549,0.191456903,0.202898551,0.163397329,0.218616044,0.144955385,0.935
-121.62,39.79,0.196078431,0.417674621,0.404124861,0.302796327,0.401714636,0.225008835,0.972
-121.62,41.78,0.764705882,0.356325597,0.36845039,0.30509182,0.337415799,0.142304974,0.435
-121.61,39.52,0.450980392,0.17522066,0.179487179,0.188647746,0.196570729,0.150874636,0.598
-121.61,39.76,0.588235294,0.264683448,0.284280936,0.213063439,0.260257195,0.225605177,0.85
-121.61,39.77,0.470588235,0.175438596,0.17335563,0.173622705,0.184323331,0.272009453,0.895
-121.6,39.68,0.274509804,0.182521521,0.191192865,0.175083472,0.200857318,0.209371411,1.112
-121.6,39.75,0.352941176,0.314481857,0.328316611,0.204298831,0.304347826,0.163077569,0.926
-121.6,39.76,0.411764706,0.266426937,0.308807135,0.240400668,0.339252909,0.14628059,0.855
-121.6,39.77,0.460784314,0.204968944,0.232998885,0.190630217,0.228720147,0.177549916,0.8565
-121.6,39.79,0.333333333,0.290944753,0.295986622,0.239148581,0.324556032,0.228277675,1.029
-121.6,39.8,0.176470588,0.189604446,0.170011148,0.149415693,0.18983466,0.215765527,1.179
-121.6,39.83,0.215686275,0.407758527,0.38851728,0.318656093,0.402939375,0.199664281,0.953
-121.59,39.74,0.31372549,0.179143511,0.182831661,0.155467446,0.209430496,0.20760447,0.838
-121.59,39.75,0.37254902,0.098725074,0.113712375,0.09933222,0.127985303,0.187748476,0.808
-121.59,39.77,0.450980392,0.167048055,0.152731327,0.137520868,0.165952235,0.199542804,0.973
-121.59,39.78,0.31372549,0.201318514,0.214882943,0.150041736,0.228413962,0.14294549,0.7225
-121.59,39.79,0.37254902,0.080745342,0.094202899,0.081385643,0.101653399,0.12424905,0.883
-121.59,39.82,0.215686275,0.21314155,0.204570792,0.181552588,0.215554195,0.204390847,0.976
-121.59,39.86,0.254901961,0.16617631,0.148829431,0.137729549,0.158603797,0.261264246,1.196
-121.58,39.5,0.549019608,0.211942901,0.212374582,0.191986644,0.205143907,0.183971641,0.576
-121.58,39.51,0.450980392,0.203007519,0.206243032,0.225792988,0.234537661,0.12578408,0.567
-121.58,39.52,0.470588235,0.26228615,0.272017837,0.287771285,0.292100429,0.165175811,0.58
-121.58,39.76,0.343137255,0.226599106,0.226588629,0.19125626,0.234843846,0.215003534,1.07
-121.58,39.79,0.352941176,0.287021903,0.290412486,0.246035058,0.28352725,0.252495804,1.086
-121.58,39.83,0.294117647,0.500054484,0.502787068,0.396285476,0.496019596,0.192375652,0.932
-121.57,39.5,0.588235294,0.220224474,0.260312152,0.222871452,0.265768524,0.118329799,0.561
-121.57,39.74,0.31372549,0.176201373,0.161649944,0.146076795,0.173300674,0.216715258,1.261
-121.57,39.76,0.37254902,0.150593876,0.142140468,0.115191987,0.14084507,0.175401979,1.049
-121.57,39.78,0.333333333,0.241800153,0.254738016,0.197621035,0.268218004,0.170719587,1.057
-121.57,39.8,0.431372549,0.085866841,0.075250836,0.075125209,0.091855481,0.186776659,1.152
-121.56,39.51,0.892156863,0.160455487,0.174470457,0.152754591,0.163196571,0.110477957,0.555
-121.56,39.52,0.323529412,0.150975264,0.17335563,0.134912354,0.180649112,0.13814162,0.6655
-121.56,39.53,0.215686275,0.188623733,0.233556299,0.387312187,0.252908757,0.118959272,0.652
-121.56,39.69,0.137254902,0.308815517,0.289855072,0.241652755,0.312308634,0.290451895,1.683
-121.55,39.5,0.490196078,0.350114416,0.459866221,0.424874791,0.450091855,0.061688312,0.451
-121.55,39.51,0.875816993,0.124296248,0.154775177,0.107818587,0.147989386,0.091995023,0.558666667
-121.55,40.48,0.254901961,0.262722022,0.2909699,0.166944908,0.200244948,0.252429543,0.774
-121.54,39.5,0.725490196,0.156478152,0.171683389,0.161519199,0.167176975,0.091549607,0.394
-121.54,39.51,0.62745098,0.390432603,0.420847269,0.392737896,0.467238212,0.221099479,0.621
-121.54,39.6,0.274509804,0.096327776,0.112597547,0.119156928,0.124311084,0.181862355,0.841
-121.54,40.06,0.31372549,0.09327667,0.144927536,0.008764608,0.015309247,0.210144447,0.675
-121.53,39.52,0.509803922,0.11191021,0.095317726,0.094845576,0.104409063,0.245775908,0.801
-121.53,39.53,0.666666667,0.196578403,0.162207358,0.14148581,0.179424372,0.443468946,0.912
-121.52,39.5,0.62745098,0.159093386,0.133221851,0.11769616,0.140232701,0.307381394,0.826
-121.52,39.51,0.568627451,0.335948567,0.338907469,0.351210351,0.350887936,0.202546603,0.722
-121.51,39.97,0.411764706,0.159747194,0.157748049,0.126460768,0.14268218,0.199189416,0.73
-121.5,39.83,0.274509804,0.206385529,0.226309922,0.185308848,0.203306797,0.131957328,0.875
-121.49,39.52,0.470588235,0.092186989,0.084169454,0.089941569,0.09369259,0.375795123,0.938
-121.47,39.51,0.352941176,0.405143293,0.353400223,0.271076795,0.370483772,0.242092941,0.975
-121.47,41.12,0.411764706,0.298027678,0.284280936,0.24269616,0.269442743,0.25732176,0.887
-121.46,39.54,0.254901961,0.604445897,0.556298774,0.379173623,0.561543172,0.271258503,1.423
-121.45,41.04,0.62745098,0.220878283,0.209587514,0.194282137,0.208818126,0.239652354,0.775
-121.44,39.5,0.490196078,0.179797319,0.180044593,0.163814691,0.177587263,0.28102085,0.908
-121.41,39.72,0.31372549,0.172278522,0.183389075,0.151293823,0.186160441,0.208675678,0.875
-121.41,40.82,0.294117647,0.290508881,0.286510591,0.189899833,0.220453154,0.203131902,0.903
-121.39,39.61,0.411764706,0.307943772,0.338907469,0.204716194,0.23821188,0.263627529,0.947
-121.36,39.52,0.274509804,0.271112564,0.29264214,0.25542571,0.303123086,0.208918632,0.857
-121.25,40.27,0.470588235,0.104173477,0.135451505,0.004799666,0.008573178,0.234682834,0.675
-121.24,39.65,0.666666667,0.068649886,0.081382386,0.045075125,0.061236987,0.206345525,0.625
-121.24,40.31,0.68627451,0.173804075,0.166666667,0.130843072,0.159216167,0.341936125,0.936
-121.23,40.01,0.725490196,0.078783916,0.104793757,0.044657763,0.069197795,0.12424905,0.75
-121.23,40.29,0.392156863,0.351639969,0.370680045,0.312186978,0.355174525,0.182491828,0.771
-121.19,39.55,0.31372549,0.161381715,0.157190635,0.09933222,0.127985303,0.109296316,0.833
-121.19,40.23,0.176470588,0.171079874,0.128205128,0.050500835,0.062461727,0.590312748,1.938
-121.18,41.31,0.411764706,0.23123025,0.239687848,0.171953255,0.19044703,0.215566746,0.575
-121.16,41.78,0.803921569,0.317750899,0.319955407,0.245617696,0.268218004,0.181497924,0.44
-121.15,40.25,0.254901961,0.561621445,0.489409142,0.127504174,0.170851194,0.314327679,1.452
-121.14,39.86,0.294117647,0.275907159,0.309364548,0.132095159,0.148193509,0.188863857,0.888
-121.14,40.29,0.31372549,0.211615997,0.218506132,0.07909015,0.104102878,0.131151162,1.115
-121.11,41.07,0.490196078,0.185790563,0.170568562,0.157762938,0.151867728,0.245041523,0.481
-121.09,40.3,0.274509804,0.186880244,0.186176143,0.103505843,0.124923454,0.347623465,1.134
-121.08,40.19,0.196078431,0.099923722,0.109810479,0.013355593,0.025107165,0.131913155,1.375
-121.07,40.85,0.31372549,0.106134902,0.11148272,0.105592654,0.105939988,0.349434579,0.808
-121.06,40.23,0.431372549,0.122589081,0.124303233,0.043823038,0.050826699,0.329589628,1.438
-121.03,40.35,1,0.597580909,0.580824972,0.411519199,0.460502143,0.185904232,0.495
-121.02,40.51,0.31372549,0.096763648,0.091973244,0.083681135,0.09308022,0.3096232,0.783
-121,39.75,0.137254902,0.121390433,0.118171683,0.004590985,0.022657685,0.230740348,0.83
-120.98,39.93,0.470588235,0.241691184,0.283723523,0.18927379,0.273729333,0.15366861,0.878
-120.96,40.28,0.352941176,0.074207257,0.076365663,0.061978297,0.066748316,0.220878611,0.641
-120.96,41.12,0.549019608,0.084668192,0.074693423,0.074916528,0.074096754,0.220878611,0.592
-120.95,39.93,0.490196078,0.220224474,0.213489409,0.191360601,0.222290263,0.255389169,0.835
-120.94,40.14,0.588235294,0.340525226,0.369007804,0.279632721,0.353949786,0.118992402,0.58
-120.94,40.17,0.411764706,0.145145472,0.144370123,0.123539232,0.134721372,0.189206202,0.892
-120.93,39.9,0.37254902,0.164432821,0.181716834,0.164023372,0.194733619,0.168102306,0.709
-120.93,39.96,0.274509804,0.181322872,0.194537347,0.169240401,0.19228414,0.271225373,1.188
-120.92,39.56,0.921568627,0.138825324,0.161649944,0.073664441,0.087568892,0.151857496,0.666
-120.92,40.02,0.666666667,0.041516836,0.050167224,0.041110184,0.042865891,0.236979857,1.025
-120.91,40.08,0.450980392,0.177291054,0.17335563,0.132721202,0.166564605,0.188488382,0.696
-120.9,39.93,0.431372549,0.29170753,0.303232999,0.296118531,0.322718922,0.26297597,0.819
-120.9,39.95,0.37254902,0.146779993,0.13154961,0.124373957,0.123086344,0.335917484,0.966
-120.87,41.54,0.392156863,0.118666231,0.114827202,0.136686144,0.113900796,0.1912934,0.346
-120.77,40.65,0.196078431,0.286912935,0.370680045,0.057387312,0.079608083,0.134894867,1.183
-120.74,39.82,0.156862745,0.212814645,0.220735786,0.060308848,0.073484385,0.381924198,1.265
-120.74,39.9,0.431372549,0.110602593,0.120401338,0.079716194,0.091855481,0.194992932,0.882
-120.73,39.63,0.31372549,0.194943881,0.197324415,0.089106845,0.115125536,0.373564361,0.924
-120.71,40.13,0.352941176,0.097526425,0.099219621,0.056552588,0.066135946,0.271170156,0.894
-120.71,40.36,0.352941176,0.485997603,0.460423634,0.464106845,0.47458665,0.337231646,1.057
-120.66,39.72,0.274509804,0.40982892,0.435897436,0.148580968,0.211879976,0.1879583,1.305
-120.66,40.41,1,0.226544622,0.265328874,0.218280467,0.255358236,0.198703507,0.702
-120.66,40.42,0.666666667,0.157785769,0.180044593,0.148580968,0.180649112,0.221695821,0.664
-120.65,40.42,0.745098039,0.352838618,0.362318841,0.30509182,0.37905695,0.186368054,0.643
-120.64,40.41,0.960784314,0.189495478,0.23522854,0.204924875,0.233312921,0.11117369,0.593
-120.58,40.37,0.294117647,0.371581127,0.370680045,0.389816361,0.360073484,0.195048149,0.618
-120.57,39.78,0.274509804,0.140459845,0.156633222,0.120409015,0.146968769,0.179090467,1.02
-120.57,40.43,0.274509804,0.222621772,0.255852843,0.232888147,0.244947949,0.241883117,0.715
-120.54,40.29,0.31372549,0.369292797,0.346153846,0.31803005,0.348438457,0.320578231,0.91
-120.53,39.79,0.333333333,0.134248665,0.147157191,0.112270451,0.121861604,0.222601378,0.719
-120.51,39.52,0.490196078,0.248883077,0.246376812,0.1028798,0.131047152,0.172839915,0.961
-120.51,40.41,0.68627451,0.003704914,0.003344482,0.875,0.003061849,0.554156728,0.675
-120.51,41.35,0.294117647,0.309578294,0.313266444,0.185100167,0.235150031,0.221695821,0.691
-120.49,40.31,0.294117647,0.198212924,0.199554069,0.201168614,0.218616044,0.327369909,0.851
-120.48,39.66,0.607843137,0.164977662,0.159977703,0.062395659,0.078995713,0.152840357,0.71
-120.48,39.78,0.196078431,0.055682685,0.056856187,0.041527546,0.051439069,0.207074388,1
-120.48,41.82,0.37254902,0.148741419,0.157190635,0.088480801,0.109614207,0.168168566,0.475
-120.46,39.83,0.333333333,0.370927318,0.374024526,0.325959933,0.376607471,0.195666578,0.759
-120.45,39.8,0.901960784,0.233954451,0.253065775,0.20033389,0.255358236,0.141686545,0.559
-120.42,40.38,0.490196078,0.179797319,0.17335563,0.157971619,0.170238824,0.21819507,0.856
-120.38,39.82,0.176470588,0.137299771,0.142697882,0.105383973,0.126760563,0.184071031,0.928
-120.38,40.98,0.509803922,0.084450256,0.102006689,0.065317195,0.069197795,0.13068734,0.4
-120.37,40.17,0.392156863,0.085757873,0.077480491,0.083681135,0.088181261,0.178891687,0.735
-120.36,40.45,0.352941176,0.074861066,0.078595318,0.073038397,0.076546234,0.136209029,0.7
-120.35,40.63,0.62745098,0.025934401,0.026198439,0.012103506,0.012247397,0.345116618,2
-120.24,39.67,0.882352941,0.053503324,0.052396878,0.045701169,0.04960196,0.275405292,0.6555
-120.23,39.56,0.254901961,0.193854201,0.191750279,0.152128548,0.174525413,0.21646126,0.93
-120.2,40.26,0.490196078,0.261196469,0.287625418,0.215358932,0.270055113,0.240370174,0.476
-120.15,39.8,0.352941176,0.085322001,0.083054627,0.07533389,0.084507042,0.282997615,0.825
-120.12,41.4,0.62745098,0.307072028,0.285953177,0.202629382,0.245560318,0.232606679,0.526
-120.09,39.92,0.352941176,0.254222513,0.287625418,0.213480801,0.233312921,0.135480166,0.607
-120.08,39.61,0.607843137,0.152773237,0.136566332,0.112479132,0.121861604,0.251557116,0.729
-120.08,41.79,0.647058824,0.147433802,0.144927536,0.089524207,0.107777097,0.17563389,0.561
